ProductID,ChannelID,LocationID,StartDate,EndDate,Period,Qty,UOM,NetPrice,ListPrice,ForecastQty,Method
APPLE_FAMILY,ONLINE,NL-GE,2026-02-02,2026-02-08,Weekly,,KG,2.58,2.58,3853.72021484375,xgboost_qty
APPLE_FAMILY,ONLINE,NL-GE,2026-02-09,2026-02-15,Weekly,,KG,2.58,2.58,3827.77490234375,xgboost_qty
APPLE_FAMILY,ONLINE,NL-GE,2026-02-16,2026-02-22,Weekly,,KG,2.58,2.58,3962.281005859375,xgboost_qty
APPLE_FAMILY,ONLINE,NL-GE,2026-02-23,2026-03-01,Weekly,,KG,2.58,2.58,3860.4912109375,xgboost_qty
APPLE_FAMILY,ONLINE,NL-GE,2026-03-02,2026-03-08,Weekly,,KG,2.58,2.58,4025.657470703125,xgboost_qty
APPLE_FAMILY,ONLINE,NL-GE,2026-03-09,2026-03-15,Weekly,,KG,2.58,2.58,3631.40234375,xgboost_qty
APPLE_FAMILY,ONLINE,NL-GE,2026-03-16,2026-03-22,Weekly,,KG,2.58,2.58,3887.64599609375,xgboost_qty
APPLE_FAMILY,ONLINE,NL-GE,2026-03-23,2026-03-29,Weekly,,KG,2.58,2.58,3756.096923828125,xgboost_qty
APPLE_FAMILY,ONLINE,NL-GE,2026-03-30,2026-04-05,Weekly,,KG,2.58,2.58,4178.267578125,xgboost_qty
APPLE_FAMILY,ONLINE,NL-GE,2026-04-06,2026-04-12,Weekly,,KG,2.58,2.58,4046.411376953125,xgboost_qty
APPLE_FAMILY,ONLINE,NL-GE,2026-04-13,2026-04-19,Weekly,,KG,2.58,2.58,3706.40576171875,xgboost_qty
APPLE_FAMILY,ONLINE,NL-GE,2026-04-20,2026-04-26,Weekly,,KG,2.58,2.58,3550.041015625,xgboost_qty
APPLE_FAMILY,ONLINE,NL-GE,2026-04-27,2026-05-03,Weekly,,KG,2.58,2.58,3747.856201171875,xgboost_qty
APPLE_FAMILY,ONLINE,NL-NB,2026-02-02,2026-02-08,Weekly,,KG,2.655,2.655,3689.463134765625,xgboost_qty
APPLE_FAMILY,ONLINE,NL-NB,2026-02-09,2026-02-15,Weekly,,KG,2.655,2.655,3723.48974609375,xgboost_qty
APPLE_FAMILY,ONLINE,NL-NB,2026-02-16,2026-02-22,Weekly,,KG,2.655,2.655,4130.18212890625,xgboost_qty
APPLE_FAMILY,ONLINE,NL-NB,2026-02-23,2026-03-01,Weekly,,KG,2.655,2.655,3975.984375,xgboost_qty
APPLE_FAMILY,ONLINE,NL-NB,2026-03-02,2026-03-08,Weekly,,KG,2.655,2.655,3856.296142578125,xgboost_qty
APPLE_FAMILY,ONLINE,NL-NB,2026-03-09,2026-03-15,Weekly,,KG,2.655,2.655,3645.726318359375,xgboost_qty
APPLE_FAMILY,ONLINE,NL-NB,2026-03-16,2026-03-22,Weekly,,KG,2.655,2.655,3856.262451171875,xgboost_qty
APPLE_FAMILY,ONLINE,NL-NB,2026-03-23,2026-03-29,Weekly,,KG,2.655,2.655,3706.941162109375,xgboost_qty
APPLE_FAMILY,ONLINE,NL-NB,2026-03-30,2026-04-05,Weekly,,KG,2.655,2.655,4158.90966796875,xgboost_qty
APPLE_FAMILY,ONLINE,NL-NB,2026-04-06,2026-04-12,Weekly,,KG,2.655,2.655,4067.894287109375,xgboost_qty
APPLE_FAMILY,ONLINE,NL-NB,2026-04-13,2026-04-19,Weekly,,KG,2.655,2.655,3819.353515625,xgboost_qty
APPLE_FAMILY,ONLINE,NL-NB,2026-04-20,2026-04-26,Weekly,,KG,2.655,2.655,3796.451904296875,xgboost_qty
APPLE_FAMILY,ONLINE,NL-NB,2026-04-27,2026-05-03,Weekly,,KG,2.655,2.655,3756.630859375,xgboost_qty
APPLE_FAMILY,ONLINE,NL-NH,2026-02-02,2026-02-08,Weekly,,KG,2.794,2.794,3864.7177734375,xgboost_qty
APPLE_FAMILY,ONLINE,NL-NH,2026-02-09,2026-02-15,Weekly,,KG,2.794,2.794,3873.569091796875,xgboost_qty
APPLE_FAMILY,ONLINE,NL-NH,2026-02-16,2026-02-22,Weekly,,KG,2.794,2.794,4088.90625,xgboost_qty
APPLE_FAMILY,ONLINE,NL-NH,2026-02-23,2026-03-01,Weekly,,KG,2.794,2.794,3661.093994140625,xgboost_qty
APPLE_FAMILY,ONLINE,NL-NH,2026-03-02,2026-03-08,Weekly,,KG,2.794,2.794,3861.932373046875,xgboost_qty
APPLE_FAMILY,ONLINE,NL-NH,2026-03-09,2026-03-15,Weekly,,KG,2.794,2.794,3765.021484375,xgboost_qty
APPLE_FAMILY,ONLINE,NL-NH,2026-03-16,2026-03-22,Weekly,,KG,2.794,2.794,3887.771484375,xgboost_qty
APPLE_FAMILY,ONLINE,NL-NH,2026-03-23,2026-03-29,Weekly,,KG,2.794,2.794,3840.01953125,xgboost_qty
APPLE_FAMILY,ONLINE,NL-NH,2026-03-30,2026-04-05,Weekly,,KG,2.794,2.794,4076.664306640625,xgboost_qty
APPLE_FAMILY,ONLINE,NL-NH,2026-04-06,2026-04-12,Weekly,,KG,2.794,2.794,4099.697265625,xgboost_qty
APPLE_FAMILY,ONLINE,NL-NH,2026-04-13,2026-04-19,Weekly,,KG,2.794,2.794,3729.46142578125,xgboost_qty
APPLE_FAMILY,ONLINE,NL-NH,2026-04-20,2026-04-26,Weekly,,KG,2.794,2.794,3839.466552734375,xgboost_qty
APPLE_FAMILY,ONLINE,NL-NH,2026-04-27,2026-05-03,Weekly,,KG,2.794,2.794,3911.707275390625,xgboost_qty
APPLE_FAMILY,ONLINE,NL-ZH,2026-02-02,2026-02-08,Weekly,,KG,2.886,2.886,3905.2578125,xgboost_qty
APPLE_FAMILY,ONLINE,NL-ZH,2026-02-09,2026-02-15,Weekly,,KG,2.886,2.886,3751.042236328125,xgboost_qty
APPLE_FAMILY,ONLINE,NL-ZH,2026-02-16,2026-02-22,Weekly,,KG,2.886,2.886,3956.84228515625,xgboost_qty
APPLE_FAMILY,ONLINE,NL-ZH,2026-02-23,2026-03-01,Weekly,,KG,2.886,2.886,3758.402587890625,xgboost_qty
APPLE_FAMILY,ONLINE,NL-ZH,2026-03-02,2026-03-08,Weekly,,KG,2.886,2.886,3735.954833984375,xgboost_qty
APPLE_FAMILY,ONLINE,NL-ZH,2026-03-09,2026-03-15,Weekly,,KG,2.886,2.886,3712.436279296875,xgboost_qty
APPLE_FAMILY,ONLINE,NL-ZH,2026-03-16,2026-03-22,Weekly,,KG,2.886,2.886,3737.430419921875,xgboost_qty
APPLE_FAMILY,ONLINE,NL-ZH,2026-03-23,2026-03-29,Weekly,,KG,2.886,2.886,3592.152587890625,xgboost_qty
APPLE_FAMILY,ONLINE,NL-ZH,2026-03-30,2026-04-05,Weekly,,KG,2.886,2.886,3672.36572265625,xgboost_qty
APPLE_FAMILY,ONLINE,NL-ZH,2026-04-06,2026-04-12,Weekly,,KG,2.886,2.886,3785.033203125,xgboost_qty
APPLE_FAMILY,ONLINE,NL-ZH,2026-04-13,2026-04-19,Weekly,,KG,2.886,2.886,3652.41650390625,xgboost_qty
APPLE_FAMILY,ONLINE,NL-ZH,2026-04-20,2026-04-26,Weekly,,KG,2.886,2.886,3583.740234375,xgboost_qty
APPLE_FAMILY,ONLINE,NL-ZH,2026-04-27,2026-05-03,Weekly,,KG,2.886,2.886,3604.316162109375,xgboost_qty
APPLE_FAMILY,RETAIL,NL-GE,2026-02-02,2026-02-08,Weekly,,KG,2.608,2.608,3812.8115234375,xgboost_qty
APPLE_FAMILY,RETAIL,NL-GE,2026-02-09,2026-02-15,Weekly,,KG,2.608,2.608,3846.418701171875,xgboost_qty
APPLE_FAMILY,RETAIL,NL-GE,2026-02-16,2026-02-22,Weekly,,KG,2.608,2.608,3846.426025390625,xgboost_qty
APPLE_FAMILY,RETAIL,NL-GE,2026-02-23,2026-03-01,Weekly,,KG,2.608,2.608,3846.447509765625,xgboost_qty
APPLE_FAMILY,RETAIL,NL-GE,2026-03-02,2026-03-08,Weekly,,KG,2.608,2.608,3713.704345703125,xgboost_qty
APPLE_FAMILY,RETAIL,NL-GE,2026-03-09,2026-03-15,Weekly,,KG,2.608,2.608,3764.257568359375,xgboost_qty
APPLE_FAMILY,RETAIL,NL-GE,2026-03-16,2026-03-22,Weekly,,KG,2.608,2.608,3763.280029296875,xgboost_qty
APPLE_FAMILY,RETAIL,NL-GE,2026-03-23,2026-03-29,Weekly,,KG,2.608,2.608,3761.882568359375,xgboost_qty
APPLE_FAMILY,RETAIL,NL-GE,2026-03-30,2026-04-05,Weekly,,KG,2.608,2.608,3611.522216796875,xgboost_qty
APPLE_FAMILY,RETAIL,NL-GE,2026-04-06,2026-04-12,Weekly,,KG,2.608,2.608,3615.995361328125,xgboost_qty
APPLE_FAMILY,RETAIL,NL-GE,2026-04-13,2026-04-19,Weekly,,KG,2.608,2.608,3614.541748046875,xgboost_qty
APPLE_FAMILY,RETAIL,NL-GE,2026-04-20,2026-04-26,Weekly,,KG,2.608,2.608,3615.287353515625,xgboost_qty
APPLE_FAMILY,RETAIL,NL-GE,2026-04-27,2026-05-03,Weekly,,KG,2.608,2.608,3504.828125,xgboost_qty
APPLE_FAMILY,RETAIL,NL-NB,2026-02-02,2026-02-08,Weekly,,KG,2.725,2.725,3804.00927734375,xgboost_qty
APPLE_FAMILY,RETAIL,NL-NB,2026-02-09,2026-02-15,Weekly,,KG,2.725,2.725,3813.87646484375,xgboost_qty
APPLE_FAMILY,RETAIL,NL-NB,2026-02-16,2026-02-22,Weekly,,KG,2.725,2.725,3814.28466796875,xgboost_qty
APPLE_FAMILY,RETAIL,NL-NB,2026-02-23,2026-03-01,Weekly,,KG,2.725,2.725,3810.198486328125,xgboost_qty
APPLE_FAMILY,RETAIL,NL-NB,2026-03-02,2026-03-08,Weekly,,KG,2.725,2.725,3736.0849609375,xgboost_qty
APPLE_FAMILY,RETAIL,NL-NB,2026-03-09,2026-03-15,Weekly,,KG,2.725,2.725,3763.426025390625,xgboost_qty
APPLE_FAMILY,RETAIL,NL-NB,2026-03-16,2026-03-22,Weekly,,KG,2.725,2.725,3760.342529296875,xgboost_qty
APPLE_FAMILY,RETAIL,NL-NB,2026-03-23,2026-03-29,Weekly,,KG,2.725,2.725,3609.772705078125,xgboost_qty
APPLE_FAMILY,RETAIL,NL-NB,2026-03-30,2026-04-05,Weekly,,KG,2.725,2.725,3612.403076171875,xgboost_qty
APPLE_FAMILY,RETAIL,NL-NB,2026-04-06,2026-04-12,Weekly,,KG,2.725,2.725,3608.814208984375,xgboost_qty
APPLE_FAMILY,RETAIL,NL-NB,2026-04-13,2026-04-19,Weekly,,KG,2.725,2.725,3609.174560546875,xgboost_qty
APPLE_FAMILY,RETAIL,NL-NB,2026-04-20,2026-04-26,Weekly,,KG,2.725,2.725,3495.320556640625,xgboost_qty
APPLE_FAMILY,RETAIL,NL-NB,2026-04-27,2026-05-03,Weekly,,KG,2.725,2.725,3456.859375,xgboost_qty
APPLE_FAMILY,RETAIL,NL-NH,2026-02-02,2026-02-08,Weekly,,KG,2.762,2.762,3804.00927734375,xgboost_qty
APPLE_FAMILY,RETAIL,NL-NH,2026-02-09,2026-02-15,Weekly,,KG,2.762,2.762,3813.87646484375,xgboost_qty
APPLE_FAMILY,RETAIL,NL-NH,2026-02-16,2026-02-22,Weekly,,KG,2.762,2.762,3814.28466796875,xgboost_qty
APPLE_FAMILY,RETAIL,NL-NH,2026-02-23,2026-03-01,Weekly,,KG,2.762,2.762,3810.198486328125,xgboost_qty
APPLE_FAMILY,RETAIL,NL-NH,2026-03-02,2026-03-08,Weekly,,KG,2.762,2.762,3736.0849609375,xgboost_qty
APPLE_FAMILY,RETAIL,NL-NH,2026-03-09,2026-03-15,Weekly,,KG,2.762,2.762,3763.426025390625,xgboost_qty
APPLE_FAMILY,RETAIL,NL-NH,2026-03-16,2026-03-22,Weekly,,KG,2.762,2.762,3760.342529296875,xgboost_qty
APPLE_FAMILY,RETAIL,NL-NH,2026-03-23,2026-03-29,Weekly,,KG,2.762,2.762,3609.772705078125,xgboost_qty
APPLE_FAMILY,RETAIL,NL-NH,2026-03-30,2026-04-05,Weekly,,KG,2.762,2.762,3612.403076171875,xgboost_qty
APPLE_FAMILY,RETAIL,NL-NH,2026-04-06,2026-04-12,Weekly,,KG,2.762,2.762,3608.814208984375,xgboost_qty
APPLE_FAMILY,RETAIL,NL-NH,2026-04-13,2026-04-19,Weekly,,KG,2.762,2.762,3609.174560546875,xgboost_qty
APPLE_FAMILY,RETAIL,NL-NH,2026-04-20,2026-04-26,Weekly,,KG,2.762,2.762,3495.320556640625,xgboost_qty
APPLE_FAMILY,RETAIL,NL-NH,2026-04-27,2026-05-03,Weekly,,KG,2.762,2.762,3456.859375,xgboost_qty
APPLE_FAMILY,RETAIL,NL-ZH,2026-02-02,2026-02-08,Weekly,,KG,2.848,2.848,3804.00927734375,xgboost_qty
APPLE_FAMILY,RETAIL,NL-ZH,2026-02-09,2026-02-15,Weekly,,KG,2.848,2.848,3813.87646484375,xgboost_qty
APPLE_FAMILY,RETAIL,NL-ZH,2026-02-16,2026-02-22,Weekly,,KG,2.848,2.848,3814.28466796875,xgboost_qty
APPLE_FAMILY,RETAIL,NL-ZH,2026-02-23,2026-03-01,Weekly,,KG,2.848,2.848,3810.198486328125,xgboost_qty
APPLE_FAMILY,RETAIL,NL-ZH,2026-03-02,2026-03-08,Weekly,,KG,2.848,2.848,3736.0849609375,xgboost_qty
APPLE_FAMILY,RETAIL,NL-ZH,2026-03-09,2026-03-15,Weekly,,KG,2.848,2.848,3763.426025390625,xgboost_qty
APPLE_FAMILY,RETAIL,NL-ZH,2026-03-16,2026-03-22,Weekly,,KG,2.848,2.848,3760.342529296875,xgboost_qty
APPLE_FAMILY,RETAIL,NL-ZH,2026-03-23,2026-03-29,Weekly,,KG,2.848,2.848,3609.772705078125,xgboost_qty
APPLE_FAMILY,RETAIL,NL-ZH,2026-03-30,2026-04-05,Weekly,,KG,2.848,2.848,3612.403076171875,xgboost_qty
APPLE_FAMILY,RETAIL,NL-ZH,2026-04-06,2026-04-12,Weekly,,KG,2.848,2.848,3608.814208984375,xgboost_qty
APPLE_FAMILY,RETAIL,NL-ZH,2026-04-13,2026-04-19,Weekly,,KG,2.848,2.848,3609.174560546875,xgboost_qty
APPLE_FAMILY,RETAIL,NL-ZH,2026-04-20,2026-04-26,Weekly,,KG,2.848,2.848,3495.320556640625,xgboost_qty
APPLE_FAMILY,RETAIL,NL-ZH,2026-04-27,2026-05-03,Weekly,,KG,2.848,2.848,3456.859375,xgboost_qty
APPLE_FAMILY,WHOLESALE,NL-GE,2026-02-02,2026-02-08,Weekly,,KG,2.583,2.583,3803.51416015625,xgboost_qty
APPLE_FAMILY,WHOLESALE,NL-GE,2026-02-09,2026-02-15,Weekly,,KG,2.583,2.583,3798.709716796875,xgboost_qty
APPLE_FAMILY,WHOLESALE,NL-GE,2026-02-16,2026-02-22,Weekly,,KG,2.583,2.583,3799.49560546875,xgboost_qty
APPLE_FAMILY,WHOLESALE,NL-GE,2026-02-23,2026-03-01,Weekly,,KG,2.583,2.583,3799.61328125,xgboost_qty
APPLE_FAMILY,WHOLESALE,NL-GE,2026-03-02,2026-03-08,Weekly,,KG,2.583,2.583,3618.18359375,xgboost_qty
APPLE_FAMILY,WHOLESALE,NL-GE,2026-03-09,2026-03-15,Weekly,,KG,2.583,2.583,3645.38525390625,xgboost_qty
APPLE_FAMILY,WHOLESALE,NL-GE,2026-03-16,2026-03-22,Weekly,,KG,2.583,2.583,3644.595947265625,xgboost_qty
APPLE_FAMILY,WHOLESALE,NL-GE,2026-03-23,2026-03-29,Weekly,,KG,2.583,2.583,3644.20068359375,xgboost_qty
APPLE_FAMILY,WHOLESALE,NL-GE,2026-03-30,2026-04-05,Weekly,,KG,2.583,2.583,3533.96533203125,xgboost_qty
APPLE_FAMILY,WHOLESALE,NL-GE,2026-04-06,2026-04-12,Weekly,,KG,2.583,2.583,3495.5078125,xgboost_qty
APPLE_FAMILY,WHOLESALE,NL-GE,2026-04-13,2026-04-19,Weekly,,KG,2.583,2.583,3518.838134765625,xgboost_qty
APPLE_FAMILY,WHOLESALE,NL-GE,2026-04-20,2026-04-26,Weekly,,KG,2.583,2.583,3518.838134765625,xgboost_qty
APPLE_FAMILY,WHOLESALE,NL-GE,2026-04-27,2026-05-03,Weekly,,KG,2.583,2.583,3477.5712890625,xgboost_qty
APPLE_FAMILY,WHOLESALE,NL-NB,2026-02-02,2026-02-08,Weekly,,KG,2.655,2.655,3803.969970703125,xgboost_qty
APPLE_FAMILY,WHOLESALE,NL-NB,2026-02-09,2026-02-15,Weekly,,KG,2.655,2.655,3813.87646484375,xgboost_qty
APPLE_FAMILY,WHOLESALE,NL-NB,2026-02-16,2026-02-22,Weekly,,KG,2.655,2.655,3814.28466796875,xgboost_qty
APPLE_FAMILY,WHOLESALE,NL-NB,2026-02-23,2026-03-01,Weekly,,KG,2.655,2.655,3810.198486328125,xgboost_qty
APPLE_FAMILY,WHOLESALE,NL-NB,2026-03-02,2026-03-08,Weekly,,KG,2.655,2.655,3736.0849609375,xgboost_qty
APPLE_FAMILY,WHOLESALE,NL-NB,2026-03-09,2026-03-15,Weekly,,KG,2.655,2.655,3763.426025390625,xgboost_qty
APPLE_FAMILY,WHOLESALE,NL-NB,2026-03-16,2026-03-22,Weekly,,KG,2.655,2.655,3760.342529296875,xgboost_qty
APPLE_FAMILY,WHOLESALE,NL-NB,2026-03-23,2026-03-29,Weekly,,KG,2.655,2.655,3609.772705078125,xgboost_qty
APPLE_FAMILY,WHOLESALE,NL-NB,2026-03-30,2026-04-05,Weekly,,KG,2.655,2.655,3612.403076171875,xgboost_qty
APPLE_FAMILY,WHOLESALE,NL-NB,2026-04-06,2026-04-12,Weekly,,KG,2.655,2.655,3608.814208984375,xgboost_qty
APPLE_FAMILY,WHOLESALE,NL-NB,2026-04-13,2026-04-19,Weekly,,KG,2.655,2.655,3609.174560546875,xgboost_qty
APPLE_FAMILY,WHOLESALE,NL-NB,2026-04-20,2026-04-26,Weekly,,KG,2.655,2.655,3495.320556640625,xgboost_qty
APPLE_FAMILY,WHOLESALE,NL-NB,2026-04-27,2026-05-03,Weekly,,KG,2.655,2.655,3442.837890625,xgboost_qty
APPLE_FAMILY,WHOLESALE,NL-NH,2026-02-02,2026-02-08,Weekly,,KG,2.746,2.746,3804.00927734375,xgboost_qty
APPLE_FAMILY,WHOLESALE,NL-NH,2026-02-09,2026-02-15,Weekly,,KG,2.746,2.746,3813.87646484375,xgboost_qty
APPLE_FAMILY,WHOLESALE,NL-NH,2026-02-16,2026-02-22,Weekly,,KG,2.746,2.746,3814.28466796875,xgboost_qty
APPLE_FAMILY,WHOLESALE,NL-NH,2026-02-23,2026-03-01,Weekly,,KG,2.746,2.746,3810.198486328125,xgboost_qty
APPLE_FAMILY,WHOLESALE,NL-NH,2026-03-02,2026-03-08,Weekly,,KG,2.746,2.746,3736.0849609375,xgboost_qty
APPLE_FAMILY,WHOLESALE,NL-NH,2026-03-09,2026-03-15,Weekly,,KG,2.746,2.746,3763.426025390625,xgboost_qty
APPLE_FAMILY,WHOLESALE,NL-NH,2026-03-16,2026-03-22,Weekly,,KG,2.746,2.746,3760.342529296875,xgboost_qty
APPLE_FAMILY,WHOLESALE,NL-NH,2026-03-23,2026-03-29,Weekly,,KG,2.746,2.746,3609.772705078125,xgboost_qty
APPLE_FAMILY,WHOLESALE,NL-NH,2026-03-30,2026-04-05,Weekly,,KG,2.746,2.746,3612.403076171875,xgboost_qty
APPLE_FAMILY,WHOLESALE,NL-NH,2026-04-06,2026-04-12,Weekly,,KG,2.746,2.746,3608.814208984375,xgboost_qty
APPLE_FAMILY,WHOLESALE,NL-NH,2026-04-13,2026-04-19,Weekly,,KG,2.746,2.746,3609.174560546875,xgboost_qty
APPLE_FAMILY,WHOLESALE,NL-NH,2026-04-20,2026-04-26,Weekly,,KG,2.746,2.746,3495.320556640625,xgboost_qty
APPLE_FAMILY,WHOLESALE,NL-NH,2026-04-27,2026-05-03,Weekly,,KG,2.746,2.746,3442.837890625,xgboost_qty
APPLE_FAMILY,WHOLESALE,NL-ZH,2026-02-02,2026-02-08,Weekly,,KG,2.871,2.871,3804.00927734375,xgboost_qty
APPLE_FAMILY,WHOLESALE,NL-ZH,2026-02-09,2026-02-15,Weekly,,KG,2.871,2.871,3813.87646484375,xgboost_qty
APPLE_FAMILY,WHOLESALE,NL-ZH,2026-02-16,2026-02-22,Weekly,,KG,2.871,2.871,3814.28466796875,xgboost_qty
APPLE_FAMILY,WHOLESALE,NL-ZH,2026-02-23,2026-03-01,Weekly,,KG,2.871,2.871,3810.198486328125,xgboost_qty
APPLE_FAMILY,WHOLESALE,NL-ZH,2026-03-02,2026-03-08,Weekly,,KG,2.871,2.871,3736.0849609375,xgboost_qty
APPLE_FAMILY,WHOLESALE,NL-ZH,2026-03-09,2026-03-15,Weekly,,KG,2.871,2.871,3763.426025390625,xgboost_qty
APPLE_FAMILY,WHOLESALE,NL-ZH,2026-03-16,2026-03-22,Weekly,,KG,2.871,2.871,3760.342529296875,xgboost_qty
APPLE_FAMILY,WHOLESALE,NL-ZH,2026-03-23,2026-03-29,Weekly,,KG,2.871,2.871,3609.772705078125,xgboost_qty
APPLE_FAMILY,WHOLESALE,NL-ZH,2026-03-30,2026-04-05,Weekly,,KG,2.871,2.871,3612.403076171875,xgboost_qty
APPLE_FAMILY,WHOLESALE,NL-ZH,2026-04-06,2026-04-12,Weekly,,KG,2.871,2.871,3608.814208984375,xgboost_qty
APPLE_FAMILY,WHOLESALE,NL-ZH,2026-04-13,2026-04-19,Weekly,,KG,2.871,2.871,3609.174560546875,xgboost_qty
APPLE_FAMILY,WHOLESALE,NL-ZH,2026-04-20,2026-04-26,Weekly,,KG,2.871,2.871,3495.320556640625,xgboost_qty
APPLE_FAMILY,WHOLESALE,NL-ZH,2026-04-27,2026-05-03,Weekly,,KG,2.871,2.871,3474.39208984375,xgboost_qty
PEAR_FAMILY,ONLINE,NL-GE,2026-02-02,2026-02-08,Weekly,,KG,3.079,3.079,3013.802734375,xgboost_qty
PEAR_FAMILY,ONLINE,NL-GE,2026-02-09,2026-02-15,Weekly,,KG,3.079,3.079,3165.822509765625,xgboost_qty
PEAR_FAMILY,ONLINE,NL-GE,2026-02-16,2026-02-22,Weekly,,KG,3.079,3.079,3047.880126953125,xgboost_qty
PEAR_FAMILY,ONLINE,NL-GE,2026-02-23,2026-03-01,Weekly,,KG,3.079,3.079,3110.956298828125,xgboost_qty
PEAR_FAMILY,ONLINE,NL-GE,2026-03-02,2026-03-08,Weekly,,KG,3.079,3.079,3205.892578125,xgboost_qty
PEAR_FAMILY,ONLINE,NL-GE,2026-03-09,2026-03-15,Weekly,,KG,3.079,3.079,2989.295654296875,xgboost_qty
PEAR_FAMILY,ONLINE,NL-GE,2026-03-16,2026-03-22,Weekly,,KG,3.079,3.079,3237.560791015625,xgboost_qty
PEAR_FAMILY,ONLINE,NL-GE,2026-03-23,2026-03-29,Weekly,,KG,3.079,3.079,3048.440185546875,xgboost_qty
PEAR_FAMILY,ONLINE,NL-GE,2026-03-30,2026-04-05,Weekly,,KG,3.079,3.079,3060.234130859375,xgboost_qty
PEAR_FAMILY,ONLINE,NL-GE,2026-04-06,2026-04-12,Weekly,,KG,3.079,3.079,3050.205810546875,xgboost_qty
PEAR_FAMILY,ONLINE,NL-GE,2026-04-13,2026-04-19,Weekly,,KG,3.079,3.079,3172.3408203125,xgboost_qty
PEAR_FAMILY,ONLINE,NL-GE,2026-04-20,2026-04-26,Weekly,,KG,3.079,3.079,3183.5185546875,xgboost_qty
PEAR_FAMILY,ONLINE,NL-GE,2026-04-27,2026-05-03,Weekly,,KG,3.079,3.079,3064.469482421875,xgboost_qty
PEAR_FAMILY,ONLINE,NL-NB,2026-02-02,2026-02-08,Weekly,,KG,3.165,3.165,3452.846923828125,xgboost_qty
PEAR_FAMILY,ONLINE,NL-NB,2026-02-09,2026-02-15,Weekly,,KG,3.165,3.165,3451.228515625,xgboost_qty
PEAR_FAMILY,ONLINE,NL-NB,2026-02-16,2026-02-22,Weekly,,KG,3.165,3.165,3824.157958984375,xgboost_qty
PEAR_FAMILY,ONLINE,NL-NB,2026-02-23,2026-03-01,Weekly,,KG,3.165,3.165,3754.056884765625,xgboost_qty
PEAR_FAMILY,ONLINE,NL-NB,2026-03-02,2026-03-08,Weekly,,KG,3.165,3.165,3876.977783203125,xgboost_qty
PEAR_FAMILY,ONLINE,NL-NB,2026-03-09,2026-03-15,Weekly,,KG,3.165,3.165,3820.10986328125,xgboost_qty
PEAR_FAMILY,ONLINE,NL-NB,2026-03-16,2026-03-22,Weekly,,KG,3.165,3.165,3736.153076171875,xgboost_qty
PEAR_FAMILY,ONLINE,NL-NB,2026-03-23,2026-03-29,Weekly,,KG,3.165,3.165,3905.86865234375,xgboost_qty
PEAR_FAMILY,ONLINE,NL-NB,2026-03-30,2026-04-05,Weekly,,KG,3.165,3.165,3964.825439453125,xgboost_qty
PEAR_FAMILY,ONLINE,NL-NB,2026-04-06,2026-04-12,Weekly,,KG,3.165,3.165,3749.80810546875,xgboost_qty
PEAR_FAMILY,ONLINE,NL-NB,2026-04-13,2026-04-19,Weekly,,KG,3.165,3.165,3822.74658203125,xgboost_qty
PEAR_FAMILY,ONLINE,NL-NB,2026-04-20,2026-04-26,Weekly,,KG,3.165,3.165,3691.937255859375,xgboost_qty
PEAR_FAMILY,ONLINE,NL-NB,2026-04-27,2026-05-03,Weekly,,KG,3.165,3.165,3780.32275390625,xgboost_qty
PEAR_FAMILY,ONLINE,NL-NH,2026-02-02,2026-02-08,Weekly,,KG,3.211,3.211,3187.701171875,xgboost_qty
PEAR_FAMILY,ONLINE,NL-NH,2026-02-09,2026-02-15,Weekly,,KG,3.211,3.211,2913.404541015625,xgboost_qty
PEAR_FAMILY,ONLINE,NL-NH,2026-02-16,2026-02-22,Weekly,,KG,3.211,3.211,3081.897216796875,xgboost_qty
PEAR_FAMILY,ONLINE,NL-NH,2026-02-23,2026-03-01,Weekly,,KG,3.211,3.211,3037.606201171875,xgboost_qty
PEAR_FAMILY,ONLINE,NL-NH,2026-03-02,2026-03-08,Weekly,,KG,3.211,3.211,3102.546630859375,xgboost_qty
PEAR_FAMILY,ONLINE,NL-NH,2026-03-09,2026-03-15,Weekly,,KG,3.211,3.211,2969.690185546875,xgboost_qty
PEAR_FAMILY,ONLINE,NL-NH,2026-03-16,2026-03-22,Weekly,,KG,3.211,3.211,3117.28662109375,xgboost_qty
PEAR_FAMILY,ONLINE,NL-NH,2026-03-23,2026-03-29,Weekly,,KG,3.211,3.211,3013.51513671875,xgboost_qty
PEAR_FAMILY,ONLINE,NL-NH,2026-03-30,2026-04-05,Weekly,,KG,3.211,3.211,3169.232666015625,xgboost_qty
PEAR_FAMILY,ONLINE,NL-NH,2026-04-06,2026-04-12,Weekly,,KG,3.211,3.211,2974.56689453125,xgboost_qty
PEAR_FAMILY,ONLINE,NL-NH,2026-04-13,2026-04-19,Weekly,,KG,3.211,3.211,2955.761474609375,xgboost_qty
PEAR_FAMILY,ONLINE,NL-NH,2026-04-20,2026-04-26,Weekly,,KG,3.211,3.211,3057.3603515625,xgboost_qty
PEAR_FAMILY,ONLINE,NL-NH,2026-04-27,2026-05-03,Weekly,,KG,3.211,3.211,2965.32958984375,xgboost_qty
PEAR_FAMILY,ONLINE,NL-ZH,2026-02-02,2026-02-08,Weekly,,KG,3.34,3.34,3485.05908203125,xgboost_qty
PEAR_FAMILY,ONLINE,NL-ZH,2026-02-09,2026-02-15,Weekly,,KG,3.34,3.34,3655.240478515625,xgboost_qty
PEAR_FAMILY,ONLINE,NL-ZH,2026-02-16,2026-02-22,Weekly,,KG,3.34,3.34,3819.73193359375,xgboost_qty
PEAR_FAMILY,ONLINE,NL-ZH,2026-02-23,2026-03-01,Weekly,,KG,3.34,3.34,3536.5029296875,xgboost_qty
PEAR_FAMILY,ONLINE,NL-ZH,2026-03-02,2026-03-08,Weekly,,KG,3.34,3.34,3528.23486328125,xgboost_qty
PEAR_FAMILY,ONLINE,NL-ZH,2026-03-09,2026-03-15,Weekly,,KG,3.34,3.34,3542.09912109375,xgboost_qty
PEAR_FAMILY,ONLINE,NL-ZH,2026-03-16,2026-03-22,Weekly,,KG,3.34,3.34,3573.1533203125,xgboost_qty
PEAR_FAMILY,ONLINE,NL-ZH,2026-03-23,2026-03-29,Weekly,,KG,3.34,3.34,3268.180419921875,xgboost_qty
PEAR_FAMILY,ONLINE,NL-ZH,2026-03-30,2026-04-05,Weekly,,KG,3.34,3.34,3298.086669921875,xgboost_qty
PEAR_FAMILY,ONLINE,NL-ZH,2026-04-06,2026-04-12,Weekly,,KG,3.34,3.34,3288.341064453125,xgboost_qty
PEAR_FAMILY,ONLINE,NL-ZH,2026-04-13,2026-04-19,Weekly,,KG,3.34,3.34,2994.546142578125,xgboost_qty
PEAR_FAMILY,ONLINE,NL-ZH,2026-04-20,2026-04-26,Weekly,,KG,3.34,3.34,2978.092041015625,xgboost_qty
PEAR_FAMILY,ONLINE,NL-ZH,2026-04-27,2026-05-03,Weekly,,KG,3.34,3.34,3226.7939453125,xgboost_qty
PEAR_FAMILY,RETAIL,NL-GE,2026-02-02,2026-02-08,Weekly,,KG,3.001,3.001,3804.00927734375,xgboost_qty
PEAR_FAMILY,RETAIL,NL-GE,2026-02-09,2026-02-15,Weekly,,KG,3.001,3.001,3813.87646484375,xgboost_qty
PEAR_FAMILY,RETAIL,NL-GE,2026-02-16,2026-02-22,Weekly,,KG,3.001,3.001,3814.28466796875,xgboost_qty
PEAR_FAMILY,RETAIL,NL-GE,2026-02-23,2026-03-01,Weekly,,KG,3.001,3.001,3810.198486328125,xgboost_qty
PEAR_FAMILY,RETAIL,NL-GE,2026-03-02,2026-03-08,Weekly,,KG,3.001,3.001,3736.0849609375,xgboost_qty
PEAR_FAMILY,RETAIL,NL-GE,2026-03-09,2026-03-15,Weekly,,KG,3.001,3.001,3763.426025390625,xgboost_qty
PEAR_FAMILY,RETAIL,NL-GE,2026-03-16,2026-03-22,Weekly,,KG,3.001,3.001,3760.342529296875,xgboost_qty
PEAR_FAMILY,RETAIL,NL-GE,2026-03-23,2026-03-29,Weekly,,KG,3.001,3.001,3609.772705078125,xgboost_qty
PEAR_FAMILY,RETAIL,NL-GE,2026-03-30,2026-04-05,Weekly,,KG,3.001,3.001,3612.403076171875,xgboost_qty
PEAR_FAMILY,RETAIL,NL-GE,2026-04-06,2026-04-12,Weekly,,KG,3.001,3.001,3608.814208984375,xgboost_qty
PEAR_FAMILY,RETAIL,NL-GE,2026-04-13,2026-04-19,Weekly,,KG,3.001,3.001,3609.174560546875,xgboost_qty
PEAR_FAMILY,RETAIL,NL-GE,2026-04-20,2026-04-26,Weekly,,KG,3.001,3.001,3495.320556640625,xgboost_qty
PEAR_FAMILY,RETAIL,NL-GE,2026-04-27,2026-05-03,Weekly,,KG,3.001,3.001,3442.8369140625,xgboost_qty
PEAR_FAMILY,RETAIL,NL-NB,2026-02-02,2026-02-08,Weekly,,KG,3.149,3.149,3804.00927734375,xgboost_qty
PEAR_FAMILY,RETAIL,NL-NB,2026-02-09,2026-02-15,Weekly,,KG,3.149,3.149,3813.87646484375,xgboost_qty
PEAR_FAMILY,RETAIL,NL-NB,2026-02-16,2026-02-22,Weekly,,KG,3.149,3.149,3814.28466796875,xgboost_qty
PEAR_FAMILY,RETAIL,NL-NB,2026-02-23,2026-03-01,Weekly,,KG,3.149,3.149,3810.198486328125,xgboost_qty
PEAR_FAMILY,RETAIL,NL-NB,2026-03-02,2026-03-08,Weekly,,KG,3.149,3.149,3736.0849609375,xgboost_qty
PEAR_FAMILY,RETAIL,NL-NB,2026-03-09,2026-03-15,Weekly,,KG,3.149,3.149,3763.426025390625,xgboost_qty
PEAR_FAMILY,RETAIL,NL-NB,2026-03-16,2026-03-22,Weekly,,KG,3.149,3.149,3760.342529296875,xgboost_qty
PEAR_FAMILY,RETAIL,NL-NB,2026-03-23,2026-03-29,Weekly,,KG,3.149,3.149,3609.772705078125,xgboost_qty
PEAR_FAMILY,RETAIL,NL-NB,2026-03-30,2026-04-05,Weekly,,KG,3.149,3.149,3612.403076171875,xgboost_qty
PEAR_FAMILY,RETAIL,NL-NB,2026-04-06,2026-04-12,Weekly,,KG,3.149,3.149,3608.814208984375,xgboost_qty
PEAR_FAMILY,RETAIL,NL-NB,2026-04-13,2026-04-19,Weekly,,KG,3.149,3.149,3609.174560546875,xgboost_qty
PEAR_FAMILY,RETAIL,NL-NB,2026-04-20,2026-04-26,Weekly,,KG,3.149,3.149,3495.320556640625,xgboost_qty
PEAR_FAMILY,RETAIL,NL-NB,2026-04-27,2026-05-03,Weekly,,KG,3.149,3.149,3442.837890625,xgboost_qty
PEAR_FAMILY,RETAIL,NL-NH,2026-02-02,2026-02-08,Weekly,,KG,3.292,3.292,3803.89013671875,xgboost_qty
PEAR_FAMILY,RETAIL,NL-NH,2026-02-09,2026-02-15,Weekly,,KG,3.292,3.292,3813.87646484375,xgboost_qty
PEAR_FAMILY,RETAIL,NL-NH,2026-02-16,2026-02-22,Weekly,,KG,3.292,3.292,3814.28466796875,xgboost_qty
PEAR_FAMILY,RETAIL,NL-NH,2026-02-23,2026-03-01,Weekly,,KG,3.292,3.292,3810.198486328125,xgboost_qty
PEAR_FAMILY,RETAIL,NL-NH,2026-03-02,2026-03-08,Weekly,,KG,3.292,3.292,3736.0849609375,xgboost_qty
PEAR_FAMILY,RETAIL,NL-NH,2026-03-09,2026-03-15,Weekly,,KG,3.292,3.292,3763.426025390625,xgboost_qty
PEAR_FAMILY,RETAIL,NL-NH,2026-03-16,2026-03-22,Weekly,,KG,3.292,3.292,3760.342529296875,xgboost_qty
PEAR_FAMILY,RETAIL,NL-NH,2026-03-23,2026-03-29,Weekly,,KG,3.292,3.292,3609.772705078125,xgboost_qty
PEAR_FAMILY,RETAIL,NL-NH,2026-03-30,2026-04-05,Weekly,,KG,3.292,3.292,3612.403076171875,xgboost_qty
PEAR_FAMILY,RETAIL,NL-NH,2026-04-06,2026-04-12,Weekly,,KG,3.292,3.292,3608.814208984375,xgboost_qty
PEAR_FAMILY,RETAIL,NL-NH,2026-04-13,2026-04-19,Weekly,,KG,3.292,3.292,3609.174560546875,xgboost_qty
PEAR_FAMILY,RETAIL,NL-NH,2026-04-20,2026-04-26,Weekly,,KG,3.292,3.292,3495.320556640625,xgboost_qty
PEAR_FAMILY,RETAIL,NL-NH,2026-04-27,2026-05-03,Weekly,,KG,3.292,3.292,3442.837890625,xgboost_qty
PEAR_FAMILY,RETAIL,NL-ZH,2026-02-02,2026-02-08,Weekly,,KG,3.352,3.352,3804.00927734375,xgboost_qty
PEAR_FAMILY,RETAIL,NL-ZH,2026-02-09,2026-02-15,Weekly,,KG,3.352,3.352,3813.87646484375,xgboost_qty
PEAR_FAMILY,RETAIL,NL-ZH,2026-02-16,2026-02-22,Weekly,,KG,3.352,3.352,3814.28466796875,xgboost_qty
PEAR_FAMILY,RETAIL,NL-ZH,2026-02-23,2026-03-01,Weekly,,KG,3.352,3.352,3810.198486328125,xgboost_qty
PEAR_FAMILY,RETAIL,NL-ZH,2026-03-02,2026-03-08,Weekly,,KG,3.352,3.352,3736.0849609375,xgboost_qty
PEAR_FAMILY,RETAIL,NL-ZH,2026-03-09,2026-03-15,Weekly,,KG,3.352,3.352,3763.426025390625,xgboost_qty
PEAR_FAMILY,RETAIL,NL-ZH,2026-03-16,2026-03-22,Weekly,,KG,3.352,3.352,3760.342529296875,xgboost_qty
PEAR_FAMILY,RETAIL,NL-ZH,2026-03-23,2026-03-29,Weekly,,KG,3.352,3.352,3609.772705078125,xgboost_qty
PEAR_FAMILY,RETAIL,NL-ZH,2026-03-30,2026-04-05,Weekly,,KG,3.352,3.352,3612.403076171875,xgboost_qty
PEAR_FAMILY,RETAIL,NL-ZH,2026-04-06,2026-04-12,Weekly,,KG,3.352,3.352,3608.814208984375,xgboost_qty
PEAR_FAMILY,RETAIL,NL-ZH,2026-04-13,2026-04-19,Weekly,,KG,3.352,3.352,3609.174560546875,xgboost_qty
PEAR_FAMILY,RETAIL,NL-ZH,2026-04-20,2026-04-26,Weekly,,KG,3.352,3.352,3495.320556640625,xgboost_qty
PEAR_FAMILY,RETAIL,NL-ZH,2026-04-27,2026-05-03,Weekly,,KG,3.352,3.352,3474.39208984375,xgboost_qty
PEAR_FAMILY,WHOLESALE,NL-GE,2026-02-02,2026-02-08,Weekly,,KG,3.057,3.057,3804.00927734375,xgboost_qty
PEAR_FAMILY,WHOLESALE,NL-GE,2026-02-09,2026-02-15,Weekly,,KG,3.057,3.057,3813.87646484375,xgboost_qty
PEAR_FAMILY,WHOLESALE,NL-GE,2026-02-16,2026-02-22,Weekly,,KG,3.057,3.057,3814.28466796875,xgboost_qty
PEAR_FAMILY,WHOLESALE,NL-GE,2026-02-23,2026-03-01,Weekly,,KG,3.057,3.057,3810.198486328125,xgboost_qty
PEAR_FAMILY,WHOLESALE,NL-GE,2026-03-02,2026-03-08,Weekly,,KG,3.057,3.057,3736.0849609375,xgboost_qty
PEAR_FAMILY,WHOLESALE,NL-GE,2026-03-09,2026-03-15,Weekly,,KG,3.057,3.057,3763.426025390625,xgboost_qty
PEAR_FAMILY,WHOLESALE,NL-GE,2026-03-16,2026-03-22,Weekly,,KG,3.057,3.057,3760.342529296875,xgboost_qty
PEAR_FAMILY,WHOLESALE,NL-GE,2026-03-23,2026-03-29,Weekly,,KG,3.057,3.057,3609.772705078125,xgboost_qty
PEAR_FAMILY,WHOLESALE,NL-GE,2026-03-30,2026-04-05,Weekly,,KG,3.057,3.057,3612.403076171875,xgboost_qty
PEAR_FAMILY,WHOLESALE,NL-GE,2026-04-06,2026-04-12,Weekly,,KG,3.057,3.057,3608.814208984375,xgboost_qty
PEAR_FAMILY,WHOLESALE,NL-GE,2026-04-13,2026-04-19,Weekly,,KG,3.057,3.057,3609.174560546875,xgboost_qty
PEAR_FAMILY,WHOLESALE,NL-GE,2026-04-20,2026-04-26,Weekly,,KG,3.057,3.057,3495.320556640625,xgboost_qty
PEAR_FAMILY,WHOLESALE,NL-GE,2026-04-27,2026-05-03,Weekly,,KG,3.057,3.057,3402.046630859375,xgboost_qty
PEAR_FAMILY,WHOLESALE,NL-NB,2026-02-02,2026-02-08,Weekly,,KG,3.166,3.166,3804.00927734375,xgboost_qty
PEAR_FAMILY,WHOLESALE,NL-NB,2026-02-09,2026-02-15,Weekly,,KG,3.166,3.166,3813.87646484375,xgboost_qty
PEAR_FAMILY,WHOLESALE,NL-NB,2026-02-16,2026-02-22,Weekly,,KG,3.166,3.166,3814.28466796875,xgboost_qty
PEAR_FAMILY,WHOLESALE,NL-NB,2026-02-23,2026-03-01,Weekly,,KG,3.166,3.166,3810.198486328125,xgboost_qty
PEAR_FAMILY,WHOLESALE,NL-NB,2026-03-02,2026-03-08,Weekly,,KG,3.166,3.166,3736.0849609375,xgboost_qty
PEAR_FAMILY,WHOLESALE,NL-NB,2026-03-09,2026-03-15,Weekly,,KG,3.166,3.166,3763.426025390625,xgboost_qty
PEAR_FAMILY,WHOLESALE,NL-NB,2026-03-16,2026-03-22,Weekly,,KG,3.166,3.166,3760.342529296875,xgboost_qty
PEAR_FAMILY,WHOLESALE,NL-NB,2026-03-23,2026-03-29,Weekly,,KG,3.166,3.166,3609.772705078125,xgboost_qty
PEAR_FAMILY,WHOLESALE,NL-NB,2026-03-30,2026-04-05,Weekly,,KG,3.166,3.166,3612.403076171875,xgboost_qty
PEAR_FAMILY,WHOLESALE,NL-NB,2026-04-06,2026-04-12,Weekly,,KG,3.166,3.166,3608.814208984375,xgboost_qty
PEAR_FAMILY,WHOLESALE,NL-NB,2026-04-13,2026-04-19,Weekly,,KG,3.166,3.166,3609.174560546875,xgboost_qty
PEAR_FAMILY,WHOLESALE,NL-NB,2026-04-20,2026-04-26,Weekly,,KG,3.166,3.166,3495.320556640625,xgboost_qty
PEAR_FAMILY,WHOLESALE,NL-NB,2026-04-27,2026-05-03,Weekly,,KG,3.166,3.166,3402.046630859375,xgboost_qty
PEAR_FAMILY,WHOLESALE,NL-NH,2026-02-02,2026-02-08,Weekly,,KG,3.214,3.214,3803.89013671875,xgboost_qty
PEAR_FAMILY,WHOLESALE,NL-NH,2026-02-09,2026-02-15,Weekly,,KG,3.214,3.214,3813.87646484375,xgboost_qty
PEAR_FAMILY,WHOLESALE,NL-NH,2026-02-16,2026-02-22,Weekly,,KG,3.214,3.214,3814.28466796875,xgboost_qty
PEAR_FAMILY,WHOLESALE,NL-NH,2026-02-23,2026-03-01,Weekly,,KG,3.214,3.214,3810.198486328125,xgboost_qty
PEAR_FAMILY,WHOLESALE,NL-NH,2026-03-02,2026-03-08,Weekly,,KG,3.214,3.214,3736.0849609375,xgboost_qty
PEAR_FAMILY,WHOLESALE,NL-NH,2026-03-09,2026-03-15,Weekly,,KG,3.214,3.214,3763.426025390625,xgboost_qty
PEAR_FAMILY,WHOLESALE,NL-NH,2026-03-16,2026-03-22,Weekly,,KG,3.214,3.214,3760.342529296875,xgboost_qty
PEAR_FAMILY,WHOLESALE,NL-NH,2026-03-23,2026-03-29,Weekly,,KG,3.214,3.214,3609.772705078125,xgboost_qty
PEAR_FAMILY,WHOLESALE,NL-NH,2026-03-30,2026-04-05,Weekly,,KG,3.214,3.214,3612.403076171875,xgboost_qty
PEAR_FAMILY,WHOLESALE,NL-NH,2026-04-06,2026-04-12,Weekly,,KG,3.214,3.214,3608.814208984375,xgboost_qty
PEAR_FAMILY,WHOLESALE,NL-NH,2026-04-13,2026-04-19,Weekly,,KG,3.214,3.214,3609.174560546875,xgboost_qty
PEAR_FAMILY,WHOLESALE,NL-NH,2026-04-20,2026-04-26,Weekly,,KG,3.214,3.214,3495.320556640625,xgboost_qty
PEAR_FAMILY,WHOLESALE,NL-NH,2026-04-27,2026-05-03,Weekly,,KG,3.214,3.214,3402.064208984375,xgboost_qty
PEAR_FAMILY,WHOLESALE,NL-ZH,2026-02-02,2026-02-08,Weekly,,KG,3.348,3.348,3804.00927734375,xgboost_qty
PEAR_FAMILY,WHOLESALE,NL-ZH,2026-02-09,2026-02-15,Weekly,,KG,3.348,3.348,3813.87646484375,xgboost_qty
PEAR_FAMILY,WHOLESALE,NL-ZH,2026-02-16,2026-02-22,Weekly,,KG,3.348,3.348,3814.28466796875,xgboost_qty
PEAR_FAMILY,WHOLESALE,NL-ZH,2026-02-23,2026-03-01,Weekly,,KG,3.348,3.348,3810.198486328125,xgboost_qty
PEAR_FAMILY,WHOLESALE,NL-ZH,2026-03-02,2026-03-08,Weekly,,KG,3.348,3.348,3736.0849609375,xgboost_qty
PEAR_FAMILY,WHOLESALE,NL-ZH,2026-03-09,2026-03-15,Weekly,,KG,3.348,3.348,3763.426025390625,xgboost_qty
PEAR_FAMILY,WHOLESALE,NL-ZH,2026-03-16,2026-03-22,Weekly,,KG,3.348,3.348,3760.342529296875,xgboost_qty
PEAR_FAMILY,WHOLESALE,NL-ZH,2026-03-23,2026-03-29,Weekly,,KG,3.348,3.348,3609.772705078125,xgboost_qty
PEAR_FAMILY,WHOLESALE,NL-ZH,2026-03-30,2026-04-05,Weekly,,KG,3.348,3.348,3612.403076171875,xgboost_qty
PEAR_FAMILY,WHOLESALE,NL-ZH,2026-04-06,2026-04-12,Weekly,,KG,3.348,3.348,3608.814208984375,xgboost_qty
PEAR_FAMILY,WHOLESALE,NL-ZH,2026-04-13,2026-04-19,Weekly,,KG,3.348,3.348,3609.174560546875,xgboost_qty
PEAR_FAMILY,WHOLESALE,NL-ZH,2026-04-20,2026-04-26,Weekly,,KG,3.348,3.348,3495.320556640625,xgboost_qty
PEAR_FAMILY,WHOLESALE,NL-ZH,2026-04-27,2026-05-03,Weekly,,KG,3.348,3.348,3442.717529296875,xgboost_qty
