ProductID,ChannelID,LocationID,Qty,Period,StartDate,EndDate,UOM,NetPrice,ListPrice
APPLE_FAMILY,ONLINE,NL-GE,15008.81,Monthly,2023-02-01,2023-02-28,KG,2.599,2.599
APPLE_FAMILY,ONLINE,NL-GE,15333.81,Monthly,2023-03-01,2023-03-31,KG,2.602,2.602
APPLE_FAMILY,ONLINE,NL-GE,14059.72,Monthly,2023-04-01,2023-04-30,KG,2.604,2.604
APPLE_FAMILY,ONLINE,NL-GE,14605.39,Monthly,2023-05-01,2023-05-31,KG,2.582,2.582
APPLE_FAMILY,ONLINE,NL-GE,13538.52,Monthly,2023-06-01,2023-06-30,KG,2.605,2.605
APPLE_FAMILY,ONLINE,NL-GE,12542.23,Monthly,2023-07-01,2023-07-31,KG,2.589,2.589
APPLE_FAMILY,ONLINE,NL-GE,13877.04,Monthly,2023-08-01,2023-08-31,KG,2.219,2.219
APPLE_FAMILY,ONLINE,NL-GE,15570.72,Monthly,2023-09-01,2023-09-30,KG,2.102,2.102
APPLE_FAMILY,ONLINE,NL-GE,15558.43,Monthly,2023-10-01,2023-10-31,KG,2.106,2.106
APPLE_FAMILY,ONLINE,NL-GE,15484.710000000001,Monthly,2023-11-01,2023-11-30,KG,2.1,2.1
APPLE_FAMILY,ONLINE,NL-GE,15690.88,Monthly,2023-12-01,2023-12-31,KG,2.593,2.593
APPLE_FAMILY,ONLINE,NL-GE,17100.68,Monthly,2024-01-01,2024-01-31,KG,2.603,2.603
APPLE_FAMILY,ONLINE,NL-GE,14974.53,Monthly,2024-02-01,2024-02-29,KG,2.599,2.599
APPLE_FAMILY,ONLINE,NL-GE,16989.260000000002,Monthly,2024-03-01,2024-03-31,KG,2.597,2.597
APPLE_FAMILY,ONLINE,NL-GE,14364.57,Monthly,2024-04-01,2024-04-30,KG,2.584,2.584
APPLE_FAMILY,ONLINE,NL-GE,13910.29,Monthly,2024-05-01,2024-05-31,KG,2.586,2.586
APPLE_FAMILY,ONLINE,NL-GE,12252.89,Monthly,2024-06-01,2024-06-30,KG,2.592,2.592
APPLE_FAMILY,ONLINE,NL-GE,12819.07,Monthly,2024-07-01,2024-07-31,KG,2.595,2.595
APPLE_FAMILY,ONLINE,NL-GE,14025.67,Monthly,2024-08-01,2024-08-31,KG,2.201,2.201
APPLE_FAMILY,ONLINE,NL-GE,14761.94,Monthly,2024-09-01,2024-09-30,KG,2.107,2.107
APPLE_FAMILY,ONLINE,NL-GE,16540.61,Monthly,2024-10-01,2024-10-31,KG,2.117,2.117
APPLE_FAMILY,ONLINE,NL-GE,15899.47,Monthly,2024-11-01,2024-11-30,KG,2.109,2.109
APPLE_FAMILY,ONLINE,NL-GE,17219.940000000002,Monthly,2024-12-01,2024-12-31,KG,2.585,2.585
APPLE_FAMILY,ONLINE,NL-GE,16730.71,Monthly,2025-01-01,2025-01-31,KG,2.571,2.571
APPLE_FAMILY,ONLINE,NL-GE,15748.73,Monthly,2025-02-01,2025-02-28,KG,2.586,2.586
APPLE_FAMILY,ONLINE,NL-GE,18663.31,Monthly,2025-03-01,2025-03-31,KG,2.591,2.591
APPLE_FAMILY,ONLINE,NL-GE,16120.04,Monthly,2025-04-01,2025-04-30,KG,2.601,2.601
APPLE_FAMILY,ONLINE,NL-GE,15062.32,Monthly,2025-05-01,2025-05-31,KG,2.61,2.61
APPLE_FAMILY,ONLINE,NL-GE,12832.34,Monthly,2025-06-01,2025-06-30,KG,2.6,2.6
APPLE_FAMILY,ONLINE,NL-GE,13465.7,Monthly,2025-07-01,2025-07-31,KG,2.583,2.583
APPLE_FAMILY,ONLINE,NL-GE,14459.44,Monthly,2025-08-01,2025-08-31,KG,2.198,2.198
APPLE_FAMILY,ONLINE,NL-GE,14817.1,Monthly,2025-09-01,2025-09-30,KG,2.112,2.112
APPLE_FAMILY,ONLINE,NL-GE,15876.25,Monthly,2025-10-01,2025-10-31,KG,2.108,2.108
APPLE_FAMILY,ONLINE,NL-GE,16457.33,Monthly,2025-11-01,2025-11-30,KG,2.115,2.115
APPLE_FAMILY,ONLINE,NL-GE,18174.08,Monthly,2025-12-01,2025-12-31,KG,2.586,2.586
APPLE_FAMILY,ONLINE,NL-GE,16769.79,Monthly,2026-01-01,2026-01-31,KG,2.576,2.576
APPLE_FAMILY,ONLINE,NL-GE,555.91,Monthly,2026-02-01,2026-02-28,KG,2.621,2.621
APPLE_FAMILY,ONLINE,NL-NB,15505.619999999999,Monthly,2023-02-01,2023-02-28,KG,2.679,2.679
APPLE_FAMILY,ONLINE,NL-NB,15904.130000000001,Monthly,2023-03-01,2023-03-31,KG,2.69,2.69
APPLE_FAMILY,ONLINE,NL-NB,14561.7,Monthly,2023-04-01,2023-04-30,KG,2.682,2.682
APPLE_FAMILY,ONLINE,NL-NB,14840.88,Monthly,2023-05-01,2023-05-31,KG,2.651,2.651
APPLE_FAMILY,ONLINE,NL-NB,13726.46,Monthly,2023-06-01,2023-06-30,KG,2.671,2.671
APPLE_FAMILY,ONLINE,NL-NB,13021.23,Monthly,2023-07-01,2023-07-31,KG,2.682,2.682
APPLE_FAMILY,ONLINE,NL-NB,14264.9,Monthly,2023-08-01,2023-08-31,KG,2.291,2.291
APPLE_FAMILY,ONLINE,NL-NB,16055.13,Monthly,2023-09-01,2023-09-30,KG,2.162,2.162
APPLE_FAMILY,ONLINE,NL-NB,16515.83,Monthly,2023-10-01,2023-10-31,KG,2.183,2.183
APPLE_FAMILY,ONLINE,NL-NB,16011.56,Monthly,2023-11-01,2023-11-30,KG,2.183,2.183
APPLE_FAMILY,ONLINE,NL-NB,16954.93,Monthly,2023-12-01,2023-12-31,KG,2.67,2.67
APPLE_FAMILY,ONLINE,NL-NB,18028.14,Monthly,2024-01-01,2024-01-31,KG,2.684,2.684
APPLE_FAMILY,ONLINE,NL-NB,15900.43,Monthly,2024-02-01,2024-02-29,KG,2.675,2.675
APPLE_FAMILY,ONLINE,NL-NB,17197.16,Monthly,2024-03-01,2024-03-31,KG,2.66,2.66
APPLE_FAMILY,ONLINE,NL-NB,14710.58,Monthly,2024-04-01,2024-04-30,KG,2.691,2.691
APPLE_FAMILY,ONLINE,NL-NB,13704.65,Monthly,2024-05-01,2024-05-31,KG,2.69,2.69
APPLE_FAMILY,ONLINE,NL-NB,12640.47,Monthly,2024-06-01,2024-06-30,KG,2.682,2.682
APPLE_FAMILY,ONLINE,NL-NB,13180.470000000001,Monthly,2024-07-01,2024-07-31,KG,2.682,2.682
APPLE_FAMILY,ONLINE,NL-NB,14657.11,Monthly,2024-08-01,2024-08-31,KG,2.285,2.285
APPLE_FAMILY,ONLINE,NL-NB,15287.55,Monthly,2024-09-01,2024-09-30,KG,2.173,2.173
APPLE_FAMILY,ONLINE,NL-NB,16968.61,Monthly,2024-10-01,2024-10-31,KG,2.179,2.179
APPLE_FAMILY,ONLINE,NL-NB,16686.8,Monthly,2024-11-01,2024-11-30,KG,2.173,2.173
APPLE_FAMILY,ONLINE,NL-NB,17810.65,Monthly,2024-12-01,2024-12-31,KG,2.666,2.666
APPLE_FAMILY,ONLINE,NL-NB,16983.46,Monthly,2025-01-01,2025-01-31,KG,2.664,2.664
APPLE_FAMILY,ONLINE,NL-NB,16146.86,Monthly,2025-02-01,2025-02-28,KG,2.666,2.666
APPLE_FAMILY,ONLINE,NL-NB,18913.14,Monthly,2025-03-01,2025-03-31,KG,2.678,2.678
APPLE_FAMILY,ONLINE,NL-NB,16684.14,Monthly,2025-04-01,2025-04-30,KG,2.654,2.654
APPLE_FAMILY,ONLINE,NL-NB,15341.26,Monthly,2025-05-01,2025-05-31,KG,2.665,2.665
APPLE_FAMILY,ONLINE,NL-NB,13514.03,Monthly,2025-06-01,2025-06-30,KG,2.669,2.669
APPLE_FAMILY,ONLINE,NL-NB,13716.51,Monthly,2025-07-01,2025-07-31,KG,2.661,2.661
APPLE_FAMILY,ONLINE,NL-NB,14877.68,Monthly,2025-08-01,2025-08-31,KG,2.292,2.292
APPLE_FAMILY,ONLINE,NL-NB,15907.75,Monthly,2025-09-01,2025-09-30,KG,2.178,2.178
APPLE_FAMILY,ONLINE,NL-NB,16624.95,Monthly,2025-10-01,2025-10-31,KG,2.182,2.182
APPLE_FAMILY,ONLINE,NL-NB,17175.74,Monthly,2025-11-01,2025-11-30,KG,2.179,2.179
APPLE_FAMILY,ONLINE,NL-NB,18474.29,Monthly,2025-12-01,2025-12-31,KG,2.685,2.685
APPLE_FAMILY,ONLINE,NL-NB,17508.36,Monthly,2026-01-01,2026-01-31,KG,2.673,2.673
APPLE_FAMILY,ONLINE,NL-NB,578.77,Monthly,2026-02-01,2026-02-28,KG,2.675,2.675
APPLE_FAMILY,ONLINE,NL-NH,16536.13,Monthly,2023-02-01,2023-02-28,KG,2.756,2.756
APPLE_FAMILY,ONLINE,NL-NH,16429.05,Monthly,2023-03-01,2023-03-31,KG,2.759,2.759
APPLE_FAMILY,ONLINE,NL-NH,15249.22,Monthly,2023-04-01,2023-04-30,KG,2.764,2.764
APPLE_FAMILY,ONLINE,NL-NH,15287.86,Monthly,2023-05-01,2023-05-31,KG,2.767,2.767
APPLE_FAMILY,ONLINE,NL-NH,14362.72,Monthly,2023-06-01,2023-06-30,KG,2.745,2.745
APPLE_FAMILY,ONLINE,NL-NH,13296.35,Monthly,2023-07-01,2023-07-31,KG,2.766,2.766
APPLE_FAMILY,ONLINE,NL-NH,14723.38,Monthly,2023-08-01,2023-08-31,KG,2.341,2.341
APPLE_FAMILY,ONLINE,NL-NH,16524.47,Monthly,2023-09-01,2023-09-30,KG,2.235,2.235
APPLE_FAMILY,ONLINE,NL-NH,16255.41,Monthly,2023-10-01,2023-10-31,KG,2.251,2.251
APPLE_FAMILY,ONLINE,NL-NH,15889.11,Monthly,2023-11-01,2023-11-30,KG,2.238,2.238
APPLE_FAMILY,ONLINE,NL-NH,17223.9,Monthly,2023-12-01,2023-12-31,KG,2.769,2.769
APPLE_FAMILY,ONLINE,NL-NH,18298.71,Monthly,2024-01-01,2024-01-31,KG,2.743,2.743
APPLE_FAMILY,ONLINE,NL-NH,15855.81,Monthly,2024-02-01,2024-02-29,KG,2.759,2.759
APPLE_FAMILY,ONLINE,NL-NH,17574.43,Monthly,2024-03-01,2024-03-31,KG,2.757,2.757
APPLE_FAMILY,ONLINE,NL-NH,15183.97,Monthly,2024-04-01,2024-04-30,KG,2.74,2.74
APPLE_FAMILY,ONLINE,NL-NH,14771.05,Monthly,2024-05-01,2024-05-31,KG,2.76,2.76
APPLE_FAMILY,ONLINE,NL-NH,13047.78,Monthly,2024-06-01,2024-06-30,KG,2.762,2.762
APPLE_FAMILY,ONLINE,NL-NH,12850.31,Monthly,2024-07-01,2024-07-31,KG,2.766,2.766
APPLE_FAMILY,ONLINE,NL-NH,15563.369999999999,Monthly,2024-08-01,2024-08-31,KG,2.348,2.348
APPLE_FAMILY,ONLINE,NL-NH,15597.33,Monthly,2024-09-01,2024-09-30,KG,2.239,2.239
APPLE_FAMILY,ONLINE,NL-NH,18131.11,Monthly,2024-10-01,2024-10-31,KG,2.254,2.254
APPLE_FAMILY,ONLINE,NL-NH,16907.27,Monthly,2024-11-01,2024-11-30,KG,2.228,2.228
APPLE_FAMILY,ONLINE,NL-NH,17917.57,Monthly,2024-12-01,2024-12-31,KG,2.759,2.759
APPLE_FAMILY,ONLINE,NL-NH,18031.96,Monthly,2025-01-01,2025-01-31,KG,2.755,2.755
APPLE_FAMILY,ONLINE,NL-NH,16489.8,Monthly,2025-02-01,2025-02-28,KG,2.764,2.764
APPLE_FAMILY,ONLINE,NL-NH,19412.42,Monthly,2025-03-01,2025-03-31,KG,2.747,2.747
APPLE_FAMILY,ONLINE,NL-NH,17340.48,Monthly,2025-04-01,2025-04-30,KG,2.752,2.752
APPLE_FAMILY,ONLINE,NL-NH,15781.8,Monthly,2025-05-01,2025-05-31,KG,2.767,2.767
APPLE_FAMILY,ONLINE,NL-NH,13799.71,Monthly,2025-06-01,2025-06-30,KG,2.748,2.748
APPLE_FAMILY,ONLINE,NL-NH,13836.46,Monthly,2025-07-01,2025-07-31,KG,2.767,2.767
APPLE_FAMILY,ONLINE,NL-NH,14944.42,Monthly,2025-08-01,2025-08-31,KG,2.361,2.361
APPLE_FAMILY,ONLINE,NL-NH,15786.48,Monthly,2025-09-01,2025-09-30,KG,2.249,2.249
APPLE_FAMILY,ONLINE,NL-NH,16355.43,Monthly,2025-10-01,2025-10-31,KG,2.235,2.235
APPLE_FAMILY,ONLINE,NL-NH,17216.81,Monthly,2025-11-01,2025-11-30,KG,2.242,2.242
APPLE_FAMILY,ONLINE,NL-NH,18918.15,Monthly,2025-12-01,2025-12-31,KG,2.742,2.742
APPLE_FAMILY,ONLINE,NL-NH,17668.72,Monthly,2026-01-01,2026-01-31,KG,2.76,2.76
APPLE_FAMILY,ONLINE,NL-NH,580.12,Monthly,2026-02-01,2026-02-28,KG,2.808,2.808
APPLE_FAMILY,ONLINE,NL-ZH,16725.18,Monthly,2023-02-01,2023-02-28,KG,2.843,2.843
APPLE_FAMILY,ONLINE,NL-ZH,16960.06,Monthly,2023-03-01,2023-03-31,KG,2.817,2.817
APPLE_FAMILY,ONLINE,NL-ZH,15634.54,Monthly,2023-04-01,2023-04-30,KG,2.839,2.839
APPLE_FAMILY,ONLINE,NL-ZH,15955.58,Monthly,2023-05-01,2023-05-31,KG,2.829,2.829
APPLE_FAMILY,ONLINE,NL-ZH,14987.220000000001,Monthly,2023-06-01,2023-06-30,KG,2.834,2.834
APPLE_FAMILY,ONLINE,NL-ZH,13491.21,Monthly,2023-07-01,2023-07-31,KG,2.829,2.834
APPLE_FAMILY,ONLINE,NL-ZH,14982.04,Monthly,2023-08-01,2023-08-31,KG,2.421,2.421
APPLE_FAMILY,ONLINE,NL-ZH,17105.84,Monthly,2023-09-01,2023-09-30,KG,2.292,2.292
APPLE_FAMILY,ONLINE,NL-ZH,17063.329999999998,Monthly,2023-10-01,2023-10-31,KG,2.301,2.301
APPLE_FAMILY,ONLINE,NL-ZH,16838.23,Monthly,2023-11-01,2023-11-30,KG,2.305,2.305
APPLE_FAMILY,ONLINE,NL-ZH,17828.58,Monthly,2023-12-01,2023-12-31,KG,2.829,2.829
APPLE_FAMILY,ONLINE,NL-ZH,18898.17,Monthly,2024-01-01,2024-01-31,KG,2.854,2.854
APPLE_FAMILY,ONLINE,NL-ZH,16794.83,Monthly,2024-02-01,2024-02-29,KG,2.846,2.846
APPLE_FAMILY,ONLINE,NL-ZH,18329.09,Monthly,2024-03-01,2024-03-31,KG,2.829,2.829
APPLE_FAMILY,ONLINE,NL-ZH,15824.04,Monthly,2024-04-01,2024-04-30,KG,2.831,2.831
APPLE_FAMILY,ONLINE,NL-ZH,15062.470000000001,Monthly,2024-05-01,2024-05-31,KG,2.849,2.849
APPLE_FAMILY,ONLINE,NL-ZH,13640.95,Monthly,2024-06-01,2024-06-30,KG,2.848,2.848
APPLE_FAMILY,ONLINE,NL-ZH,13316.36,Monthly,2024-07-01,2024-07-31,KG,2.844,2.844
APPLE_FAMILY,ONLINE,NL-ZH,16082.02,Monthly,2024-08-01,2024-08-31,KG,2.426,2.426
APPLE_FAMILY,ONLINE,NL-ZH,15842.71,Monthly,2024-09-01,2024-09-30,KG,2.313,2.313
APPLE_FAMILY,ONLINE,NL-ZH,18481.63,Monthly,2024-10-01,2024-10-31,KG,2.311,2.311
APPLE_FAMILY,ONLINE,NL-ZH,17599.88,Monthly,2024-11-01,2024-11-30,KG,2.317,2.317
APPLE_FAMILY,ONLINE,NL-ZH,18797.38,Monthly,2024-12-01,2024-12-31,KG,2.842,2.842
APPLE_FAMILY,ONLINE,NL-ZH,18577.22,Monthly,2025-01-01,2025-01-31,KG,2.843,2.843
APPLE_FAMILY,ONLINE,NL-ZH,16700.28,Monthly,2025-02-01,2025-02-28,KG,2.848,2.848
APPLE_FAMILY,ONLINE,NL-ZH,20169.71,Monthly,2025-03-01,2025-03-31,KG,2.849,2.849
APPLE_FAMILY,ONLINE,NL-ZH,18368.32,Monthly,2025-04-01,2025-04-30,KG,2.839,2.839
APPLE_FAMILY,ONLINE,NL-ZH,16313.58,Monthly,2025-05-01,2025-05-31,KG,2.83,2.83
APPLE_FAMILY,ONLINE,NL-ZH,14432.02,Monthly,2025-06-01,2025-06-30,KG,2.867,2.867
APPLE_FAMILY,ONLINE,NL-ZH,14282.87,Monthly,2025-07-01,2025-07-31,KG,2.846,2.846
APPLE_FAMILY,ONLINE,NL-ZH,15775.19,Monthly,2025-08-01,2025-08-31,KG,2.431,2.431
APPLE_FAMILY,ONLINE,NL-ZH,16783.59,Monthly,2025-09-01,2025-09-30,KG,2.311,2.311
APPLE_FAMILY,ONLINE,NL-ZH,17492.96,Monthly,2025-10-01,2025-10-31,KG,2.3,2.3
APPLE_FAMILY,ONLINE,NL-ZH,18005.489999999998,Monthly,2025-11-01,2025-11-30,KG,2.306,2.312
APPLE_FAMILY,ONLINE,NL-ZH,20231.56,Monthly,2025-12-01,2025-12-31,KG,2.842,2.842
APPLE_FAMILY,ONLINE,NL-ZH,18193.48,Monthly,2026-01-01,2026-01-31,KG,2.859,2.859
APPLE_FAMILY,ONLINE,NL-ZH,582.29,Monthly,2026-02-01,2026-02-28,KG,2.889,2.889
APPLE_FAMILY,RETAIL,NL-GE,30455.81,Monthly,2023-02-01,2023-02-28,KG,2.596,2.596
APPLE_FAMILY,RETAIL,NL-GE,30157.870000000003,Monthly,2023-03-01,2023-03-31,KG,2.576,2.588
APPLE_FAMILY,RETAIL,NL-GE,29066.97,Monthly,2023-04-01,2023-04-30,KG,2.597,2.597
APPLE_FAMILY,RETAIL,NL-GE,28353.73,Monthly,2023-05-01,2023-05-31,KG,2.588,2.588
APPLE_FAMILY,RETAIL,NL-GE,26362.65,Monthly,2023-06-01,2023-06-30,KG,2.582,2.582
APPLE_FAMILY,RETAIL,NL-GE,24496.88,Monthly,2023-07-01,2023-07-31,KG,2.584,2.584
APPLE_FAMILY,RETAIL,NL-GE,26931.05,Monthly,2023-08-01,2023-08-31,KG,2.196,2.213
APPLE_FAMILY,RETAIL,NL-GE,31673.4,Monthly,2023-09-01,2023-09-30,KG,2.098,2.098
APPLE_FAMILY,RETAIL,NL-GE,33579.19,Monthly,2023-10-01,2023-10-31,KG,2.015,2.099
APPLE_FAMILY,RETAIL,NL-GE,30406.010000000002,Monthly,2023-11-01,2023-11-30,KG,2.123,2.123
APPLE_FAMILY,RETAIL,NL-GE,31468.65,Monthly,2023-12-01,2023-12-31,KG,2.592,2.592
APPLE_FAMILY,RETAIL,NL-GE,33343.98,Monthly,2024-01-01,2024-01-31,KG,2.576,2.576
APPLE_FAMILY,RETAIL,NL-GE,29543.2,Monthly,2024-02-01,2024-02-29,KG,2.565,2.579
APPLE_FAMILY,RETAIL,NL-GE,34226.36,Monthly,2024-03-01,2024-03-31,KG,2.603,2.603
APPLE_FAMILY,RETAIL,NL-GE,28225.04,Monthly,2024-04-01,2024-04-30,KG,2.599,2.599
APPLE_FAMILY,RETAIL,NL-GE,27769.08,Monthly,2024-05-01,2024-05-31,KG,2.612,2.612
APPLE_FAMILY,RETAIL,NL-GE,24025.26,Monthly,2024-06-01,2024-06-30,KG,2.599,2.599
APPLE_FAMILY,RETAIL,NL-GE,25207.82,Monthly,2024-07-01,2024-07-31,KG,2.582,2.582
APPLE_FAMILY,RETAIL,NL-GE,27880.02,Monthly,2024-08-01,2024-08-31,KG,2.212,2.212
APPLE_FAMILY,RETAIL,NL-GE,29150.39,Monthly,2024-09-01,2024-09-30,KG,2.1,2.1
APPLE_FAMILY,RETAIL,NL-GE,32926.59,Monthly,2024-10-01,2024-10-31,KG,2.108,2.108
APPLE_FAMILY,RETAIL,NL-GE,31808.02,Monthly,2024-11-01,2024-11-30,KG,2.11,2.11
APPLE_FAMILY,RETAIL,NL-GE,33900.31,Monthly,2024-12-01,2024-12-31,KG,2.588,2.588
APPLE_FAMILY,RETAIL,NL-GE,32410.96,Monthly,2025-01-01,2025-01-31,KG,2.584,2.584
APPLE_FAMILY,RETAIL,NL-GE,33184.98,Monthly,2025-02-01,2025-02-28,KG,2.51,2.595
APPLE_FAMILY,RETAIL,NL-GE,37270.29,Monthly,2025-03-01,2025-03-31,KG,2.591,2.591
APPLE_FAMILY,RETAIL,NL-GE,32258.64,Monthly,2025-04-01,2025-04-30,KG,2.603,2.603
APPLE_FAMILY,RETAIL,NL-GE,29400.77,Monthly,2025-05-01,2025-05-31,KG,2.599,2.599
APPLE_FAMILY,RETAIL,NL-GE,25724.38,Monthly,2025-06-01,2025-06-30,KG,2.576,2.576
APPLE_FAMILY,RETAIL,NL-GE,25792.46,Monthly,2025-07-01,2025-07-31,KG,2.588,2.588
APPLE_FAMILY,RETAIL,NL-GE,29124.36,Monthly,2025-08-01,2025-08-31,KG,2.202,2.211
APPLE_FAMILY,RETAIL,NL-GE,29228.75,Monthly,2025-09-01,2025-09-30,KG,2.106,2.109
APPLE_FAMILY,RETAIL,NL-GE,31056.72,Monthly,2025-10-01,2025-10-31,KG,2.112,2.112
APPLE_FAMILY,RETAIL,NL-GE,32553.14,Monthly,2025-11-01,2025-11-30,KG,2.099,2.099
APPLE_FAMILY,RETAIL,NL-GE,34746.78,Monthly,2025-12-01,2025-12-31,KG,2.597,2.597
APPLE_FAMILY,RETAIL,NL-GE,33414.64,Monthly,2026-01-01,2026-01-31,KG,2.608,2.608
APPLE_FAMILY,RETAIL,NL-GE,1369.84,Monthly,2026-02-01,2026-02-28,KG,2.525,2.525
APPLE_FAMILY,RETAIL,NL-NB,31709.87,Monthly,2023-02-01,2023-02-28,KG,2.647,2.666
APPLE_FAMILY,RETAIL,NL-NB,31198.66,Monthly,2023-03-01,2023-03-31,KG,2.686,2.686
APPLE_FAMILY,RETAIL,NL-NB,28953.79,Monthly,2023-04-01,2023-04-30,KG,2.666,2.666
APPLE_FAMILY,RETAIL,NL-NB,29693.55,Monthly,2023-05-01,2023-05-31,KG,2.672,2.672
APPLE_FAMILY,RETAIL,NL-NB,27626.18,Monthly,2023-06-01,2023-06-30,KG,2.671,2.676
APPLE_FAMILY,RETAIL,NL-NB,26111.9,Monthly,2023-07-01,2023-07-31,KG,2.675,2.675
APPLE_FAMILY,RETAIL,NL-NB,31298.07,Monthly,2023-08-01,2023-08-31,KG,2.098,2.279
APPLE_FAMILY,RETAIL,NL-NB,32651.16,Monthly,2023-09-01,2023-09-30,KG,2.172,2.172
APPLE_FAMILY,RETAIL,NL-NB,33166.35,Monthly,2023-10-01,2023-10-31,KG,2.18,2.18
APPLE_FAMILY,RETAIL,NL-NB,31777.4,Monthly,2023-11-01,2023-11-30,KG,2.182,2.182
APPLE_FAMILY,RETAIL,NL-NB,33740.91,Monthly,2023-12-01,2023-12-31,KG,2.677,2.677
APPLE_FAMILY,RETAIL,NL-NB,34579.53,Monthly,2024-01-01,2024-01-31,KG,2.669,2.669
APPLE_FAMILY,RETAIL,NL-NB,32089.59,Monthly,2024-02-01,2024-02-29,KG,2.667,2.667
APPLE_FAMILY,RETAIL,NL-NB,34493.55,Monthly,2024-03-01,2024-03-31,KG,2.681,2.681
APPLE_FAMILY,RETAIL,NL-NB,29198.16,Monthly,2024-04-01,2024-04-30,KG,2.68,2.68
APPLE_FAMILY,RETAIL,NL-NB,26940.260000000002,Monthly,2024-05-01,2024-05-31,KG,2.683,2.683
APPLE_FAMILY,RETAIL,NL-NB,25755.66,Monthly,2024-06-01,2024-06-30,KG,2.658,2.658
APPLE_FAMILY,RETAIL,NL-NB,25810.18,Monthly,2024-07-01,2024-07-31,KG,2.666,2.666
APPLE_FAMILY,RETAIL,NL-NB,29250.87,Monthly,2024-08-01,2024-08-31,KG,2.283,2.283
APPLE_FAMILY,RETAIL,NL-NB,30884.46,Monthly,2024-09-01,2024-09-30,KG,2.176,2.176
APPLE_FAMILY,RETAIL,NL-NB,33235.090000000004,Monthly,2024-10-01,2024-10-31,KG,2.171,2.172
APPLE_FAMILY,RETAIL,NL-NB,33117.54,Monthly,2024-11-01,2024-11-30,KG,2.168,2.174
APPLE_FAMILY,RETAIL,NL-NB,33966.3,Monthly,2024-12-01,2024-12-31,KG,2.662,2.662
APPLE_FAMILY,RETAIL,NL-NB,33329.42,Monthly,2025-01-01,2025-01-31,KG,2.672,2.672
APPLE_FAMILY,RETAIL,NL-NB,32695.68,Monthly,2025-02-01,2025-02-28,KG,2.66,2.671
APPLE_FAMILY,RETAIL,NL-NB,38679.14,Monthly,2025-03-01,2025-03-31,KG,2.671,2.671
APPLE_FAMILY,RETAIL,NL-NB,32432.59,Monthly,2025-04-01,2025-04-30,KG,2.677,2.677
APPLE_FAMILY,RETAIL,NL-NB,30531.96,Monthly,2025-05-01,2025-05-31,KG,2.649,2.667
APPLE_FAMILY,RETAIL,NL-NB,26606.45,Monthly,2025-06-01,2025-06-30,KG,2.664,2.664
APPLE_FAMILY,RETAIL,NL-NB,26409.12,Monthly,2025-07-01,2025-07-31,KG,2.676,2.676
APPLE_FAMILY,RETAIL,NL-NB,30029.45,Monthly,2025-08-01,2025-08-31,KG,2.282,2.282
APPLE_FAMILY,RETAIL,NL-NB,31295.73,Monthly,2025-09-01,2025-09-30,KG,2.173,2.173
APPLE_FAMILY,RETAIL,NL-NB,32243.18,Monthly,2025-10-01,2025-10-31,KG,2.186,2.188
APPLE_FAMILY,RETAIL,NL-NB,35027.23,Monthly,2025-11-01,2025-11-30,KG,2.173,2.173
APPLE_FAMILY,RETAIL,NL-NB,39948.7,Monthly,2025-12-01,2025-12-31,KG,2.468,2.674
APPLE_FAMILY,RETAIL,NL-NB,35151.1,Monthly,2026-01-01,2026-01-31,KG,2.665,2.665
APPLE_FAMILY,RETAIL,NL-NB,1359.03,Monthly,2026-02-01,2026-02-28,KG,2.776,2.776
APPLE_FAMILY,RETAIL,NL-NH,32424.18,Monthly,2023-02-01,2023-02-28,KG,2.753,2.753
APPLE_FAMILY,RETAIL,NL-NH,33054.63,Monthly,2023-03-01,2023-03-31,KG,2.765,2.765
APPLE_FAMILY,RETAIL,NL-NH,29926.91,Monthly,2023-04-01,2023-04-30,KG,2.752,2.752
APPLE_FAMILY,RETAIL,NL-NH,29755.16,Monthly,2023-05-01,2023-05-31,KG,2.767,2.767
APPLE_FAMILY,RETAIL,NL-NH,28201.71,Monthly,2023-06-01,2023-06-30,KG,2.774,2.774
APPLE_FAMILY,RETAIL,NL-NH,26381.65,Monthly,2023-07-01,2023-07-31,KG,2.758,2.758
APPLE_FAMILY,RETAIL,NL-NH,28536.48,Monthly,2023-08-01,2023-08-31,KG,2.342,2.357
APPLE_FAMILY,RETAIL,NL-NH,33381.45,Monthly,2023-09-01,2023-09-30,KG,2.234,2.238
APPLE_FAMILY,RETAIL,NL-NH,32270.69,Monthly,2023-10-01,2023-10-31,KG,2.237,2.237
APPLE_FAMILY,RETAIL,NL-NH,31503.38,Monthly,2023-11-01,2023-11-30,KG,2.235,2.235
APPLE_FAMILY,RETAIL,NL-NH,35145.18,Monthly,2023-12-01,2023-12-31,KG,2.76,2.76
APPLE_FAMILY,RETAIL,NL-NH,36044.1,Monthly,2024-01-01,2024-01-31,KG,2.731,2.731
APPLE_FAMILY,RETAIL,NL-NH,31759.76,Monthly,2024-02-01,2024-02-29,KG,2.778,2.778
APPLE_FAMILY,RETAIL,NL-NH,35931.64,Monthly,2024-03-01,2024-03-31,KG,2.762,2.768
APPLE_FAMILY,RETAIL,NL-NH,30434.49,Monthly,2024-04-01,2024-04-30,KG,2.756,2.756
APPLE_FAMILY,RETAIL,NL-NH,28310.8,Monthly,2024-05-01,2024-05-31,KG,2.75,2.75
APPLE_FAMILY,RETAIL,NL-NH,26344.71,Monthly,2024-06-01,2024-06-30,KG,2.751,2.751
APPLE_FAMILY,RETAIL,NL-NH,25464.64,Monthly,2024-07-01,2024-07-31,KG,2.773,2.773
APPLE_FAMILY,RETAIL,NL-NH,30791.690000000002,Monthly,2024-08-01,2024-08-31,KG,2.343,2.347
APPLE_FAMILY,RETAIL,NL-NH,31479.95,Monthly,2024-09-01,2024-09-30,KG,2.254,2.254
APPLE_FAMILY,RETAIL,NL-NH,36004.12,Monthly,2024-10-01,2024-10-31,KG,2.231,2.231
APPLE_FAMILY,RETAIL,NL-NH,33731.94,Monthly,2024-11-01,2024-11-30,KG,2.248,2.248
APPLE_FAMILY,RETAIL,NL-NH,36108.770000000004,Monthly,2024-12-01,2024-12-31,KG,2.762,2.762
APPLE_FAMILY,RETAIL,NL-NH,35828.47,Monthly,2025-01-01,2025-01-31,KG,2.768,2.768
APPLE_FAMILY,RETAIL,NL-NH,33157.46,Monthly,2025-02-01,2025-02-28,KG,2.757,2.757
APPLE_FAMILY,RETAIL,NL-NH,39833.65,Monthly,2025-03-01,2025-03-31,KG,2.749,2.749
APPLE_FAMILY,RETAIL,NL-NH,33970.25,Monthly,2025-04-01,2025-04-30,KG,2.749,2.749
APPLE_FAMILY,RETAIL,NL-NH,32374.54,Monthly,2025-05-01,2025-05-31,KG,2.744,2.775
APPLE_FAMILY,RETAIL,NL-NH,27550.22,Monthly,2025-06-01,2025-06-30,KG,2.755,2.755
APPLE_FAMILY,RETAIL,NL-NH,26639.98,Monthly,2025-07-01,2025-07-31,KG,2.76,2.76
APPLE_FAMILY,RETAIL,NL-NH,30776.81,Monthly,2025-08-01,2025-08-31,KG,2.348,2.348
APPLE_FAMILY,RETAIL,NL-NH,31321.29,Monthly,2025-09-01,2025-09-30,KG,2.236,2.236
APPLE_FAMILY,RETAIL,NL-NH,32488.28,Monthly,2025-10-01,2025-10-31,KG,2.245,2.245
APPLE_FAMILY,RETAIL,NL-NH,34638.08,Monthly,2025-11-01,2025-11-30,KG,2.256,2.256
APPLE_FAMILY,RETAIL,NL-NH,37529.25,Monthly,2025-12-01,2025-12-31,KG,2.773,2.773
APPLE_FAMILY,RETAIL,NL-NH,35182.71,Monthly,2026-01-01,2026-01-31,KG,2.757,2.757
APPLE_FAMILY,RETAIL,NL-NH,1399.71,Monthly,2026-02-01,2026-02-28,KG,2.845,2.845
APPLE_FAMILY,RETAIL,NL-ZH,33846.38,Monthly,2023-02-01,2023-02-28,KG,2.835,2.835
APPLE_FAMILY,RETAIL,NL-ZH,33021.04,Monthly,2023-03-01,2023-03-31,KG,2.824,2.824
APPLE_FAMILY,RETAIL,NL-ZH,31166.82,Monthly,2023-04-01,2023-04-30,KG,2.841,2.841
APPLE_FAMILY,RETAIL,NL-ZH,31379.54,Monthly,2023-05-01,2023-05-31,KG,2.845,2.845
APPLE_FAMILY,RETAIL,NL-ZH,29597.19,Monthly,2023-06-01,2023-06-30,KG,2.832,2.832
APPLE_FAMILY,RETAIL,NL-ZH,27342.91,Monthly,2023-07-01,2023-07-31,KG,2.82,2.82
APPLE_FAMILY,RETAIL,NL-ZH,29314.28,Monthly,2023-08-01,2023-08-31,KG,2.411,2.411
APPLE_FAMILY,RETAIL,NL-ZH,33471.12,Monthly,2023-09-01,2023-09-30,KG,2.305,2.305
APPLE_FAMILY,RETAIL,NL-ZH,34161.93,Monthly,2023-10-01,2023-10-31,KG,2.324,2.324
APPLE_FAMILY,RETAIL,NL-ZH,33298.46,Monthly,2023-11-01,2023-11-30,KG,2.311,2.311
APPLE_FAMILY,RETAIL,NL-ZH,37200.979999999996,Monthly,2023-12-01,2023-12-31,KG,2.855,2.855
APPLE_FAMILY,RETAIL,NL-ZH,38114.01,Monthly,2024-01-01,2024-01-31,KG,2.834,2.834
APPLE_FAMILY,RETAIL,NL-ZH,33138.47,Monthly,2024-02-01,2024-02-29,KG,2.838,2.838
APPLE_FAMILY,RETAIL,NL-ZH,36534.4,Monthly,2024-03-01,2024-03-31,KG,2.857,2.857
APPLE_FAMILY,RETAIL,NL-ZH,31809.48,Monthly,2024-04-01,2024-04-30,KG,2.849,2.849
APPLE_FAMILY,RETAIL,NL-ZH,29312.37,Monthly,2024-05-01,2024-05-31,KG,2.839,2.839
APPLE_FAMILY,RETAIL,NL-ZH,27302.94,Monthly,2024-06-01,2024-06-30,KG,2.852,2.852
APPLE_FAMILY,RETAIL,NL-ZH,26564.53,Monthly,2024-07-01,2024-07-31,KG,2.839,2.839
APPLE_FAMILY,RETAIL,NL-ZH,31100.32,Monthly,2024-08-01,2024-08-31,KG,2.42,2.42
APPLE_FAMILY,RETAIL,NL-ZH,30661.29,Monthly,2024-09-01,2024-09-30,KG,2.302,2.302
APPLE_FAMILY,RETAIL,NL-ZH,36742.44,Monthly,2024-10-01,2024-10-31,KG,2.301,2.301
APPLE_FAMILY,RETAIL,NL-ZH,35106.53,Monthly,2024-11-01,2024-11-30,KG,2.301,2.301
APPLE_FAMILY,RETAIL,NL-ZH,37204.41,Monthly,2024-12-01,2024-12-31,KG,2.845,2.845
APPLE_FAMILY,RETAIL,NL-ZH,36515.33,Monthly,2025-01-01,2025-01-31,KG,2.841,2.841
APPLE_FAMILY,RETAIL,NL-ZH,33960.14,Monthly,2025-02-01,2025-02-28,KG,2.85,2.85
APPLE_FAMILY,RETAIL,NL-ZH,40316.47,Monthly,2025-03-01,2025-03-31,KG,2.841,2.841
APPLE_FAMILY,RETAIL,NL-ZH,36102.19,Monthly,2025-04-01,2025-04-30,KG,2.854,2.854
APPLE_FAMILY,RETAIL,NL-ZH,32650.75,Monthly,2025-05-01,2025-05-31,KG,2.838,2.838
APPLE_FAMILY,RETAIL,NL-ZH,32799.7,Monthly,2025-06-01,2025-06-30,KG,2.537,2.834
APPLE_FAMILY,RETAIL,NL-ZH,29013.67,Monthly,2025-07-01,2025-07-31,KG,2.816,2.831
APPLE_FAMILY,RETAIL,NL-ZH,33134.35,Monthly,2025-08-01,2025-08-31,KG,2.394,2.422
APPLE_FAMILY,RETAIL,NL-ZH,33299.01,Monthly,2025-09-01,2025-09-30,KG,2.311,2.311
APPLE_FAMILY,RETAIL,NL-ZH,33514.86,Monthly,2025-10-01,2025-10-31,KG,2.293,2.293
APPLE_FAMILY,RETAIL,NL-ZH,36070.79,Monthly,2025-11-01,2025-11-30,KG,2.316,2.316
APPLE_FAMILY,RETAIL,NL-ZH,38748.95,Monthly,2025-12-01,2025-12-31,KG,2.839,2.839
APPLE_FAMILY,RETAIL,NL-ZH,36350.16,Monthly,2026-01-01,2026-01-31,KG,2.831,2.831
APPLE_FAMILY,RETAIL,NL-ZH,1444.33,Monthly,2026-02-01,2026-02-28,KG,2.868,2.868
APPLE_FAMILY,WHOLESALE,NL-GE,25651.7,Monthly,2023-02-01,2023-02-28,KG,2.585,2.585
APPLE_FAMILY,WHOLESALE,NL-GE,25605.079999999998,Monthly,2023-03-01,2023-03-31,KG,2.591,2.591
APPLE_FAMILY,WHOLESALE,NL-GE,24625.4,Monthly,2023-04-01,2023-04-30,KG,2.594,2.594
APPLE_FAMILY,WHOLESALE,NL-GE,24343.43,Monthly,2023-05-01,2023-05-31,KG,2.592,2.592
APPLE_FAMILY,WHOLESALE,NL-GE,22537.52,Monthly,2023-06-01,2023-06-30,KG,2.585,2.585
APPLE_FAMILY,WHOLESALE,NL-GE,20843.86,Monthly,2023-07-01,2023-07-31,KG,2.589,2.589
APPLE_FAMILY,WHOLESALE,NL-GE,23375.48,Monthly,2023-08-01,2023-08-31,KG,2.213,2.22
APPLE_FAMILY,WHOLESALE,NL-GE,26638.82,Monthly,2023-09-01,2023-09-30,KG,2.094,2.094
APPLE_FAMILY,WHOLESALE,NL-GE,26353.54,Monthly,2023-10-01,2023-10-31,KG,2.116,2.116
APPLE_FAMILY,WHOLESALE,NL-GE,26257.92,Monthly,2023-11-01,2023-11-30,KG,2.094,2.094
APPLE_FAMILY,WHOLESALE,NL-GE,26582.81,Monthly,2023-12-01,2023-12-31,KG,2.595,2.595
APPLE_FAMILY,WHOLESALE,NL-GE,29294.329999999998,Monthly,2024-01-01,2024-01-31,KG,2.601,2.607
APPLE_FAMILY,WHOLESALE,NL-GE,25394.579999999998,Monthly,2024-02-01,2024-02-29,KG,2.585,2.585
APPLE_FAMILY,WHOLESALE,NL-GE,28700.22,Monthly,2024-03-01,2024-03-31,KG,2.589,2.589
APPLE_FAMILY,WHOLESALE,NL-GE,24507.31,Monthly,2024-04-01,2024-04-30,KG,2.616,2.616
APPLE_FAMILY,WHOLESALE,NL-GE,23773.82,Monthly,2024-05-01,2024-05-31,KG,2.582,2.582
APPLE_FAMILY,WHOLESALE,NL-GE,20610.07,Monthly,2024-06-01,2024-06-30,KG,2.583,2.583
APPLE_FAMILY,WHOLESALE,NL-GE,21692.260000000002,Monthly,2024-07-01,2024-07-31,KG,2.589,2.589
APPLE_FAMILY,WHOLESALE,NL-GE,23677.43,Monthly,2024-08-01,2024-08-31,KG,2.221,2.221
APPLE_FAMILY,WHOLESALE,NL-GE,25096.559999999998,Monthly,2024-09-01,2024-09-30,KG,2.112,2.112
APPLE_FAMILY,WHOLESALE,NL-GE,28035.09,Monthly,2024-10-01,2024-10-31,KG,2.117,2.117
APPLE_FAMILY,WHOLESALE,NL-GE,27090.68,Monthly,2024-11-01,2024-11-30,KG,2.115,2.115
APPLE_FAMILY,WHOLESALE,NL-GE,28692.1,Monthly,2024-12-01,2024-12-31,KG,2.582,2.582
APPLE_FAMILY,WHOLESALE,NL-GE,28097.89,Monthly,2025-01-01,2025-01-31,KG,2.578,2.578
APPLE_FAMILY,WHOLESALE,NL-GE,26595.0,Monthly,2025-02-01,2025-02-28,KG,2.592,2.592
APPLE_FAMILY,WHOLESALE,NL-GE,31203.58,Monthly,2025-03-01,2025-03-31,KG,2.592,2.592
APPLE_FAMILY,WHOLESALE,NL-GE,27564.41,Monthly,2025-04-01,2025-04-30,KG,2.583,2.583
APPLE_FAMILY,WHOLESALE,NL-GE,25486.92,Monthly,2025-05-01,2025-05-31,KG,2.608,2.608
APPLE_FAMILY,WHOLESALE,NL-GE,21872.21,Monthly,2025-06-01,2025-06-30,KG,2.586,2.586
APPLE_FAMILY,WHOLESALE,NL-GE,22491.47,Monthly,2025-07-01,2025-07-31,KG,2.586,2.586
APPLE_FAMILY,WHOLESALE,NL-GE,24500.26,Monthly,2025-08-01,2025-08-31,KG,2.207,2.207
APPLE_FAMILY,WHOLESALE,NL-GE,25542.04,Monthly,2025-09-01,2025-09-30,KG,2.113,2.113
APPLE_FAMILY,WHOLESALE,NL-GE,26583.09,Monthly,2025-10-01,2025-10-31,KG,2.121,2.121
APPLE_FAMILY,WHOLESALE,NL-GE,27783.72,Monthly,2025-11-01,2025-11-30,KG,2.115,2.115
APPLE_FAMILY,WHOLESALE,NL-GE,30446.41,Monthly,2025-12-01,2025-12-31,KG,2.578,2.578
APPLE_FAMILY,WHOLESALE,NL-GE,28506.63,Monthly,2026-01-01,2026-01-31,KG,2.603,2.603
APPLE_FAMILY,WHOLESALE,NL-GE,922.42,Monthly,2026-02-01,2026-02-28,KG,2.526,2.526
APPLE_FAMILY,WHOLESALE,NL-NB,26603.42,Monthly,2023-02-01,2023-02-28,KG,2.668,2.668
APPLE_FAMILY,WHOLESALE,NL-NB,26187.08,Monthly,2023-03-01,2023-03-31,KG,2.673,2.673
APPLE_FAMILY,WHOLESALE,NL-NB,24623.74,Monthly,2023-04-01,2023-04-30,KG,2.68,2.68
APPLE_FAMILY,WHOLESALE,NL-NB,25400.1,Monthly,2023-05-01,2023-05-31,KG,2.672,2.672
APPLE_FAMILY,WHOLESALE,NL-NB,23717.11,Monthly,2023-06-01,2023-06-30,KG,2.685,2.685
APPLE_FAMILY,WHOLESALE,NL-NB,22175.13,Monthly,2023-07-01,2023-07-31,KG,2.676,2.676
APPLE_FAMILY,WHOLESALE,NL-NB,23871.739999999998,Monthly,2023-08-01,2023-08-31,KG,2.275,2.275
APPLE_FAMILY,WHOLESALE,NL-NB,27926.87,Monthly,2023-09-01,2023-09-30,KG,2.174,2.174
APPLE_FAMILY,WHOLESALE,NL-NB,27895.15,Monthly,2023-10-01,2023-10-31,KG,2.173,2.173
APPLE_FAMILY,WHOLESALE,NL-NB,27123.46,Monthly,2023-11-01,2023-11-30,KG,2.167,2.167
APPLE_FAMILY,WHOLESALE,NL-NB,28953.32,Monthly,2023-12-01,2023-12-31,KG,2.67,2.67
APPLE_FAMILY,WHOLESALE,NL-NB,30184.23,Monthly,2024-01-01,2024-01-31,KG,2.676,2.676
APPLE_FAMILY,WHOLESALE,NL-NB,26852.0,Monthly,2024-02-01,2024-02-29,KG,2.678,2.678
APPLE_FAMILY,WHOLESALE,NL-NB,29491.07,Monthly,2024-03-01,2024-03-31,KG,2.676,2.676
APPLE_FAMILY,WHOLESALE,NL-NB,24661.07,Monthly,2024-04-01,2024-04-30,KG,2.676,2.676
APPLE_FAMILY,WHOLESALE,NL-NB,23117.67,Monthly,2024-05-01,2024-05-31,KG,2.683,2.683
APPLE_FAMILY,WHOLESALE,NL-NB,21507.79,Monthly,2024-06-01,2024-06-30,KG,2.669,2.669
APPLE_FAMILY,WHOLESALE,NL-NB,22207.52,Monthly,2024-07-01,2024-07-31,KG,2.672,2.672
APPLE_FAMILY,WHOLESALE,NL-NB,25123.06,Monthly,2024-08-01,2024-08-31,KG,2.284,2.284
APPLE_FAMILY,WHOLESALE,NL-NB,25736.17,Monthly,2024-09-01,2024-09-30,KG,2.168,2.168
APPLE_FAMILY,WHOLESALE,NL-NB,28411.48,Monthly,2024-10-01,2024-10-31,KG,2.18,2.18
APPLE_FAMILY,WHOLESALE,NL-NB,28008.2,Monthly,2024-11-01,2024-11-30,KG,2.175,2.175
APPLE_FAMILY,WHOLESALE,NL-NB,29285.2,Monthly,2024-12-01,2024-12-31,KG,2.676,2.676
APPLE_FAMILY,WHOLESALE,NL-NB,28225.78,Monthly,2025-01-01,2025-01-31,KG,2.672,2.672
APPLE_FAMILY,WHOLESALE,NL-NB,27111.29,Monthly,2025-02-01,2025-02-28,KG,2.657,2.657
APPLE_FAMILY,WHOLESALE,NL-NB,32464.08,Monthly,2025-03-01,2025-03-31,KG,2.673,2.673
APPLE_FAMILY,WHOLESALE,NL-NB,28304.89,Monthly,2025-04-01,2025-04-30,KG,2.675,2.675
APPLE_FAMILY,WHOLESALE,NL-NB,26228.63,Monthly,2025-05-01,2025-05-31,KG,2.664,2.664
APPLE_FAMILY,WHOLESALE,NL-NB,22990.91,Monthly,2025-06-01,2025-06-30,KG,2.678,2.678
APPLE_FAMILY,WHOLESALE,NL-NB,23331.05,Monthly,2025-07-01,2025-07-31,KG,2.666,2.666
APPLE_FAMILY,WHOLESALE,NL-NB,25497.58,Monthly,2025-08-01,2025-08-31,KG,2.286,2.286
APPLE_FAMILY,WHOLESALE,NL-NB,27264.36,Monthly,2025-09-01,2025-09-30,KG,2.169,2.169
APPLE_FAMILY,WHOLESALE,NL-NB,27881.14,Monthly,2025-10-01,2025-10-31,KG,2.174,2.174
APPLE_FAMILY,WHOLESALE,NL-NB,29119.85,Monthly,2025-11-01,2025-11-30,KG,2.171,2.171
APPLE_FAMILY,WHOLESALE,NL-NB,30938.45,Monthly,2025-12-01,2025-12-31,KG,2.67,2.67
APPLE_FAMILY,WHOLESALE,NL-NB,29683.59,Monthly,2026-01-01,2026-01-31,KG,2.679,2.679
APPLE_FAMILY,WHOLESALE,NL-NB,876.49,Monthly,2026-02-01,2026-02-28,KG,2.725,2.725
APPLE_FAMILY,WHOLESALE,NL-NH,28026.24,Monthly,2023-02-01,2023-02-28,KG,2.738,2.738
APPLE_FAMILY,WHOLESALE,NL-NH,28110.27,Monthly,2023-03-01,2023-03-31,KG,2.748,2.748
APPLE_FAMILY,WHOLESALE,NL-NH,25200.8,Monthly,2023-04-01,2023-04-30,KG,2.752,2.752
APPLE_FAMILY,WHOLESALE,NL-NH,25957.48,Monthly,2023-05-01,2023-05-31,KG,2.75,2.75
APPLE_FAMILY,WHOLESALE,NL-NH,24209.79,Monthly,2023-06-01,2023-06-30,KG,2.757,2.757
APPLE_FAMILY,WHOLESALE,NL-NH,22467.329999999998,Monthly,2023-07-01,2023-07-31,KG,2.757,2.757
APPLE_FAMILY,WHOLESALE,NL-NH,24951.5,Monthly,2023-08-01,2023-08-31,KG,2.357,2.357
APPLE_FAMILY,WHOLESALE,NL-NH,27968.59,Monthly,2023-09-01,2023-09-30,KG,2.238,2.238
APPLE_FAMILY,WHOLESALE,NL-NH,27813.59,Monthly,2023-10-01,2023-10-31,KG,2.237,2.237
APPLE_FAMILY,WHOLESALE,NL-NH,26982.96,Monthly,2023-11-01,2023-11-30,KG,2.246,2.246
APPLE_FAMILY,WHOLESALE,NL-NH,29625.65,Monthly,2023-12-01,2023-12-31,KG,2.759,2.759
APPLE_FAMILY,WHOLESALE,NL-NH,31542.16,Monthly,2024-01-01,2024-01-31,KG,2.752,2.752
APPLE_FAMILY,WHOLESALE,NL-NH,27060.43,Monthly,2024-02-01,2024-02-29,KG,2.759,2.759
APPLE_FAMILY,WHOLESALE,NL-NH,30249.53,Monthly,2024-03-01,2024-03-31,KG,2.753,2.753
APPLE_FAMILY,WHOLESALE,NL-NH,26143.56,Monthly,2024-04-01,2024-04-30,KG,2.763,2.763
APPLE_FAMILY,WHOLESALE,NL-NH,24706.64,Monthly,2024-05-01,2024-05-31,KG,2.749,2.749
APPLE_FAMILY,WHOLESALE,NL-NH,22039.19,Monthly,2024-06-01,2024-06-30,KG,2.76,2.76
APPLE_FAMILY,WHOLESALE,NL-NH,22083.25,Monthly,2024-07-01,2024-07-31,KG,2.758,2.758
APPLE_FAMILY,WHOLESALE,NL-NH,25630.02,Monthly,2024-08-01,2024-08-31,KG,2.362,2.362
APPLE_FAMILY,WHOLESALE,NL-NH,25896.28,Monthly,2024-09-01,2024-09-30,KG,2.242,2.242
APPLE_FAMILY,WHOLESALE,NL-NH,30853.84,Monthly,2024-10-01,2024-10-31,KG,2.243,2.243
APPLE_FAMILY,WHOLESALE,NL-NH,29071.33,Monthly,2024-11-01,2024-11-30,KG,2.237,2.237
APPLE_FAMILY,WHOLESALE,NL-NH,30943.1,Monthly,2024-12-01,2024-12-31,KG,2.746,2.746
APPLE_FAMILY,WHOLESALE,NL-NH,30857.22,Monthly,2025-01-01,2025-01-31,KG,2.777,2.777
APPLE_FAMILY,WHOLESALE,NL-NH,27900.3,Monthly,2025-02-01,2025-02-28,KG,2.747,2.747
APPLE_FAMILY,WHOLESALE,NL-NH,32826.17,Monthly,2025-03-01,2025-03-31,KG,2.76,2.76
APPLE_FAMILY,WHOLESALE,NL-NH,29672.78,Monthly,2025-04-01,2025-04-30,KG,2.765,2.765
APPLE_FAMILY,WHOLESALE,NL-NH,26827.93,Monthly,2025-05-01,2025-05-31,KG,2.759,2.759
APPLE_FAMILY,WHOLESALE,NL-NH,23323.91,Monthly,2025-06-01,2025-06-30,KG,2.751,2.751
APPLE_FAMILY,WHOLESALE,NL-NH,23262.38,Monthly,2025-07-01,2025-07-31,KG,2.749,2.749
APPLE_FAMILY,WHOLESALE,NL-NH,26154.0,Monthly,2025-08-01,2025-08-31,KG,2.359,2.359
APPLE_FAMILY,WHOLESALE,NL-NH,27186.83,Monthly,2025-09-01,2025-09-30,KG,2.227,2.227
APPLE_FAMILY,WHOLESALE,NL-NH,27846.97,Monthly,2025-10-01,2025-10-31,KG,2.239,2.239
APPLE_FAMILY,WHOLESALE,NL-NH,29735.93,Monthly,2025-11-01,2025-11-30,KG,2.232,2.232
APPLE_FAMILY,WHOLESALE,NL-NH,32055.52,Monthly,2025-12-01,2025-12-31,KG,2.762,2.762
APPLE_FAMILY,WHOLESALE,NL-NH,29997.75,Monthly,2026-01-01,2026-01-31,KG,2.748,2.748
APPLE_FAMILY,WHOLESALE,NL-NH,912.0,Monthly,2026-02-01,2026-02-28,KG,2.813,2.813
APPLE_FAMILY,WHOLESALE,NL-ZH,28653.0,Monthly,2023-02-01,2023-02-28,KG,2.832,2.832
APPLE_FAMILY,WHOLESALE,NL-ZH,28170.64,Monthly,2023-03-01,2023-03-31,KG,2.841,2.841
APPLE_FAMILY,WHOLESALE,NL-ZH,26182.61,Monthly,2023-04-01,2023-04-30,KG,2.834,2.834
APPLE_FAMILY,WHOLESALE,NL-ZH,27124.76,Monthly,2023-05-01,2023-05-31,KG,2.839,2.839
APPLE_FAMILY,WHOLESALE,NL-ZH,25314.9,Monthly,2023-06-01,2023-06-30,KG,2.84,2.84
APPLE_FAMILY,WHOLESALE,NL-ZH,23136.84,Monthly,2023-07-01,2023-07-31,KG,2.835,2.835
APPLE_FAMILY,WHOLESALE,NL-ZH,25465.47,Monthly,2023-08-01,2023-08-31,KG,2.417,2.417
APPLE_FAMILY,WHOLESALE,NL-ZH,28388.670000000002,Monthly,2023-09-01,2023-09-30,KG,2.281,2.281
APPLE_FAMILY,WHOLESALE,NL-ZH,28933.77,Monthly,2023-10-01,2023-10-31,KG,2.3,2.3
APPLE_FAMILY,WHOLESALE,NL-ZH,28496.75,Monthly,2023-11-01,2023-11-30,KG,2.308,2.308
APPLE_FAMILY,WHOLESALE,NL-ZH,30462.52,Monthly,2023-12-01,2023-12-31,KG,2.849,2.849
APPLE_FAMILY,WHOLESALE,NL-ZH,32934.35,Monthly,2024-01-01,2024-01-31,KG,2.853,2.853
APPLE_FAMILY,WHOLESALE,NL-ZH,28132.07,Monthly,2024-02-01,2024-02-29,KG,2.852,2.852
APPLE_FAMILY,WHOLESALE,NL-ZH,30703.61,Monthly,2024-03-01,2024-03-31,KG,2.838,2.838
APPLE_FAMILY,WHOLESALE,NL-ZH,26881.46,Monthly,2024-04-01,2024-04-30,KG,2.843,2.843
APPLE_FAMILY,WHOLESALE,NL-ZH,25274.66,Monthly,2024-05-01,2024-05-31,KG,2.822,2.822
APPLE_FAMILY,WHOLESALE,NL-ZH,22736.29,Monthly,2024-06-01,2024-06-30,KG,2.837,2.837
APPLE_FAMILY,WHOLESALE,NL-ZH,22965.17,Monthly,2024-07-01,2024-07-31,KG,2.825,2.825
APPLE_FAMILY,WHOLESALE,NL-ZH,26968.0,Monthly,2024-08-01,2024-08-31,KG,2.41,2.41
APPLE_FAMILY,WHOLESALE,NL-ZH,26252.170000000002,Monthly,2024-09-01,2024-09-30,KG,2.309,2.309
APPLE_FAMILY,WHOLESALE,NL-ZH,30886.93,Monthly,2024-10-01,2024-10-31,KG,2.294,2.294
APPLE_FAMILY,WHOLESALE,NL-ZH,29274.49,Monthly,2024-11-01,2024-11-30,KG,2.299,2.299
APPLE_FAMILY,WHOLESALE,NL-ZH,32001.85,Monthly,2024-12-01,2024-12-31,KG,2.831,2.831
APPLE_FAMILY,WHOLESALE,NL-ZH,31679.760000000002,Monthly,2025-01-01,2025-01-31,KG,2.833,2.833
APPLE_FAMILY,WHOLESALE,NL-ZH,29375.56,Monthly,2025-02-01,2025-02-28,KG,2.839,2.839
APPLE_FAMILY,WHOLESALE,NL-ZH,34754.08,Monthly,2025-03-01,2025-03-31,KG,2.843,2.843
APPLE_FAMILY,WHOLESALE,NL-ZH,31306.58,Monthly,2025-04-01,2025-04-30,KG,2.838,2.838
APPLE_FAMILY,WHOLESALE,NL-ZH,28346.54,Monthly,2025-05-01,2025-05-31,KG,2.845,2.845
APPLE_FAMILY,WHOLESALE,NL-ZH,24390.55,Monthly,2025-06-01,2025-06-30,KG,2.835,2.835
APPLE_FAMILY,WHOLESALE,NL-ZH,24425.6,Monthly,2025-07-01,2025-07-31,KG,2.847,2.847
APPLE_FAMILY,WHOLESALE,NL-ZH,27359.96,Monthly,2025-08-01,2025-08-31,KG,2.417,2.417
APPLE_FAMILY,WHOLESALE,NL-ZH,28241.7,Monthly,2025-09-01,2025-09-30,KG,2.307,2.307
APPLE_FAMILY,WHOLESALE,NL-ZH,29332.32,Monthly,2025-10-01,2025-10-31,KG,2.296,2.296
APPLE_FAMILY,WHOLESALE,NL-ZH,30094.530000000002,Monthly,2025-11-01,2025-11-30,KG,2.308,2.308
APPLE_FAMILY,WHOLESALE,NL-ZH,33826.81,Monthly,2025-12-01,2025-12-31,KG,2.832,2.832
APPLE_FAMILY,WHOLESALE,NL-ZH,31482.43,Monthly,2026-01-01,2026-01-31,KG,2.854,2.854
APPLE_FAMILY,WHOLESALE,NL-ZH,1048.25,Monthly,2026-02-01,2026-02-28,KG,2.786,2.786
PEAR_FAMILY,ONLINE,NL-GE,12346.11,Monthly,2023-02-01,2023-02-28,KG,3.049,3.049
PEAR_FAMILY,ONLINE,NL-GE,12074.9,Monthly,2023-03-01,2023-03-31,KG,3.043,3.043
PEAR_FAMILY,ONLINE,NL-GE,11233.75,Monthly,2023-04-01,2023-04-30,KG,3.053,3.053
PEAR_FAMILY,ONLINE,NL-GE,12354.35,Monthly,2023-05-01,2023-05-31,KG,3.061,3.061
PEAR_FAMILY,ONLINE,NL-GE,12956.1,Monthly,2023-06-01,2023-06-30,KG,3.052,3.052
PEAR_FAMILY,ONLINE,NL-GE,13659.95,Monthly,2023-07-01,2023-07-31,KG,3.055,3.055
PEAR_FAMILY,ONLINE,NL-GE,16101.27,Monthly,2023-08-01,2023-08-31,KG,2.458,2.458
PEAR_FAMILY,ONLINE,NL-GE,18295.47,Monthly,2023-09-01,2023-09-30,KG,2.468,2.468
PEAR_FAMILY,ONLINE,NL-GE,17059.73,Monthly,2023-10-01,2023-10-31,KG,2.462,2.462
PEAR_FAMILY,ONLINE,NL-GE,15805.91,Monthly,2023-11-01,2023-11-30,KG,3.054,3.054
PEAR_FAMILY,ONLINE,NL-GE,14669.92,Monthly,2023-12-01,2023-12-31,KG,3.042,3.042
PEAR_FAMILY,ONLINE,NL-GE,14904.39,Monthly,2024-01-01,2024-01-31,KG,3.063,3.063
PEAR_FAMILY,ONLINE,NL-GE,12157.64,Monthly,2024-02-01,2024-02-29,KG,3.068,3.068
PEAR_FAMILY,ONLINE,NL-GE,13205.92,Monthly,2024-03-01,2024-03-31,KG,3.06,3.06
PEAR_FAMILY,ONLINE,NL-GE,11224.2,Monthly,2024-04-01,2024-04-30,KG,3.047,3.047
PEAR_FAMILY,ONLINE,NL-GE,11979.11,Monthly,2024-05-01,2024-05-31,KG,3.053,3.053
PEAR_FAMILY,ONLINE,NL-GE,11875.53,Monthly,2024-06-01,2024-06-30,KG,3.046,3.064
PEAR_FAMILY,ONLINE,NL-GE,14006.88,Monthly,2024-07-01,2024-07-31,KG,3.045,3.045
PEAR_FAMILY,ONLINE,NL-GE,16613.57,Monthly,2024-08-01,2024-08-31,KG,2.468,2.468
PEAR_FAMILY,ONLINE,NL-GE,17161.28,Monthly,2024-09-01,2024-09-30,KG,2.468,2.468
PEAR_FAMILY,ONLINE,NL-GE,18347.91,Monthly,2024-10-01,2024-10-31,KG,2.453,2.453
PEAR_FAMILY,ONLINE,NL-GE,16294.93,Monthly,2024-11-01,2024-11-30,KG,3.045,3.045
PEAR_FAMILY,ONLINE,NL-GE,16194.3,Monthly,2024-12-01,2024-12-31,KG,3.065,3.065
PEAR_FAMILY,ONLINE,NL-GE,14683.2,Monthly,2025-01-01,2025-01-31,KG,3.054,3.054
PEAR_FAMILY,ONLINE,NL-GE,12545.28,Monthly,2025-02-01,2025-02-28,KG,3.061,3.061
PEAR_FAMILY,ONLINE,NL-GE,14459.55,Monthly,2025-03-01,2025-03-31,KG,3.056,3.056
PEAR_FAMILY,ONLINE,NL-GE,12861.21,Monthly,2025-04-01,2025-04-30,KG,3.054,3.054
PEAR_FAMILY,ONLINE,NL-GE,12635.83,Monthly,2025-05-01,2025-05-31,KG,3.097,3.097
PEAR_FAMILY,ONLINE,NL-GE,12437.94,Monthly,2025-06-01,2025-06-30,KG,3.072,3.072
PEAR_FAMILY,ONLINE,NL-GE,14923.61,Monthly,2025-07-01,2025-07-31,KG,3.046,3.046
PEAR_FAMILY,ONLINE,NL-GE,17054.239999999998,Monthly,2025-08-01,2025-08-31,KG,2.46,2.46
PEAR_FAMILY,ONLINE,NL-GE,17444.23,Monthly,2025-09-01,2025-09-30,KG,2.465,2.465
PEAR_FAMILY,ONLINE,NL-GE,17648.67,Monthly,2025-10-01,2025-10-31,KG,2.465,2.465
PEAR_FAMILY,ONLINE,NL-GE,16676.08,Monthly,2025-11-01,2025-11-30,KG,3.058,3.058
PEAR_FAMILY,ONLINE,NL-GE,17021.59,Monthly,2025-12-01,2025-12-31,KG,3.042,3.042
PEAR_FAMILY,ONLINE,NL-GE,14384.94,Monthly,2026-01-01,2026-01-31,KG,3.047,3.047
PEAR_FAMILY,ONLINE,NL-GE,449.55,Monthly,2026-02-01,2026-02-28,KG,3.02,3.02
PEAR_FAMILY,ONLINE,NL-NB,13113.43,Monthly,2023-02-01,2023-02-28,KG,3.175,3.175
PEAR_FAMILY,ONLINE,NL-NB,12330.46,Monthly,2023-03-01,2023-03-31,KG,3.143,3.143
PEAR_FAMILY,ONLINE,NL-NB,11604.61,Monthly,2023-04-01,2023-04-30,KG,3.146,3.146
PEAR_FAMILY,ONLINE,NL-NB,12989.960000000001,Monthly,2023-05-01,2023-05-31,KG,3.157,3.157
PEAR_FAMILY,ONLINE,NL-NB,13516.98,Monthly,2023-06-01,2023-06-30,KG,3.15,3.15
PEAR_FAMILY,ONLINE,NL-NB,14273.58,Monthly,2023-07-01,2023-07-31,KG,3.162,3.162
PEAR_FAMILY,ONLINE,NL-NB,16822.47,Monthly,2023-08-01,2023-08-31,KG,2.523,2.523
PEAR_FAMILY,ONLINE,NL-NB,18984.66,Monthly,2023-09-01,2023-09-30,KG,2.528,2.528
PEAR_FAMILY,ONLINE,NL-NB,18121.95,Monthly,2023-10-01,2023-10-31,KG,2.541,2.541
PEAR_FAMILY,ONLINE,NL-NB,16358.07,Monthly,2023-11-01,2023-11-30,KG,3.164,3.164
PEAR_FAMILY,ONLINE,NL-NB,16003.75,Monthly,2023-12-01,2023-12-31,KG,3.153,3.153
PEAR_FAMILY,ONLINE,NL-NB,15363.61,Monthly,2024-01-01,2024-01-31,KG,3.169,3.169
PEAR_FAMILY,ONLINE,NL-NB,13047.91,Monthly,2024-02-01,2024-02-29,KG,3.139,3.139
PEAR_FAMILY,ONLINE,NL-NB,13681.94,Monthly,2024-03-01,2024-03-31,KG,3.146,3.146
PEAR_FAMILY,ONLINE,NL-NB,11566.54,Monthly,2024-04-01,2024-04-30,KG,3.146,3.146
PEAR_FAMILY,ONLINE,NL-NB,11618.2,Monthly,2024-05-01,2024-05-31,KG,3.145,3.145
PEAR_FAMILY,ONLINE,NL-NB,12399.47,Monthly,2024-06-01,2024-06-30,KG,3.167,3.167
PEAR_FAMILY,ONLINE,NL-NB,14650.77,Monthly,2024-07-01,2024-07-31,KG,3.163,3.163
PEAR_FAMILY,ONLINE,NL-NB,17125.79,Monthly,2024-08-01,2024-08-31,KG,2.552,2.552
PEAR_FAMILY,ONLINE,NL-NB,17614.18,Monthly,2024-09-01,2024-09-30,KG,2.534,2.534
PEAR_FAMILY,ONLINE,NL-NB,18725.760000000002,Monthly,2024-10-01,2024-10-31,KG,2.526,2.526
PEAR_FAMILY,ONLINE,NL-NB,16828.24,Monthly,2024-11-01,2024-11-30,KG,3.152,3.152
PEAR_FAMILY,ONLINE,NL-NB,16555.02,Monthly,2024-12-01,2024-12-31,KG,3.145,3.145
PEAR_FAMILY,ONLINE,NL-NB,14624.52,Monthly,2025-01-01,2025-01-31,KG,3.157,3.157
PEAR_FAMILY,ONLINE,NL-NB,13246.07,Monthly,2025-02-01,2025-02-28,KG,3.12,3.12
PEAR_FAMILY,ONLINE,NL-NB,14732.0,Monthly,2025-03-01,2025-03-31,KG,3.132,3.132
PEAR_FAMILY,ONLINE,NL-NB,13186.27,Monthly,2025-04-01,2025-04-30,KG,3.148,3.148
PEAR_FAMILY,ONLINE,NL-NB,13061.56,Monthly,2025-05-01,2025-05-31,KG,3.16,3.16
PEAR_FAMILY,ONLINE,NL-NB,13250.16,Monthly,2025-06-01,2025-06-30,KG,3.164,3.164
PEAR_FAMILY,ONLINE,NL-NB,14842.04,Monthly,2025-07-01,2025-07-31,KG,3.156,3.156
PEAR_FAMILY,ONLINE,NL-NB,17554.02,Monthly,2025-08-01,2025-08-31,KG,2.518,2.518
PEAR_FAMILY,ONLINE,NL-NB,18840.82,Monthly,2025-09-01,2025-09-30,KG,2.532,2.532
PEAR_FAMILY,ONLINE,NL-NB,17664.28,Monthly,2025-10-01,2025-10-31,KG,2.528,2.528
PEAR_FAMILY,ONLINE,NL-NB,17559.64,Monthly,2025-11-01,2025-11-30,KG,3.157,3.157
PEAR_FAMILY,ONLINE,NL-NB,17340.45,Monthly,2025-12-01,2025-12-31,KG,3.144,3.144
PEAR_FAMILY,ONLINE,NL-NB,15498.42,Monthly,2026-01-01,2026-01-31,KG,3.159,3.159
PEAR_FAMILY,ONLINE,NL-NB,497.97,Monthly,2026-02-01,2026-02-28,KG,3.081,3.081
PEAR_FAMILY,ONLINE,NL-NH,13194.95,Monthly,2023-02-01,2023-02-28,KG,3.24,3.24
PEAR_FAMILY,ONLINE,NL-NH,12893.27,Monthly,2023-03-01,2023-03-31,KG,3.25,3.25
PEAR_FAMILY,ONLINE,NL-NH,11856.15,Monthly,2023-04-01,2023-04-30,KG,3.245,3.245
PEAR_FAMILY,ONLINE,NL-NH,13107.83,Monthly,2023-05-01,2023-05-31,KG,3.25,3.25
PEAR_FAMILY,ONLINE,NL-NH,13852.24,Monthly,2023-06-01,2023-06-30,KG,3.262,3.262
PEAR_FAMILY,ONLINE,NL-NH,14341.11,Monthly,2023-07-01,2023-07-31,KG,3.241,3.241
PEAR_FAMILY,ONLINE,NL-NH,17223.39,Monthly,2023-08-01,2023-08-31,KG,2.61,2.61
PEAR_FAMILY,ONLINE,NL-NH,18832.92,Monthly,2023-09-01,2023-09-30,KG,2.602,2.602
PEAR_FAMILY,ONLINE,NL-NH,17980.3,Monthly,2023-10-01,2023-10-31,KG,2.611,2.611
PEAR_FAMILY,ONLINE,NL-NH,16371.99,Monthly,2023-11-01,2023-11-30,KG,3.24,3.24
PEAR_FAMILY,ONLINE,NL-NH,16424.41,Monthly,2023-12-01,2023-12-31,KG,3.227,3.227
PEAR_FAMILY,ONLINE,NL-NH,15891.72,Monthly,2024-01-01,2024-01-31,KG,3.264,3.264
PEAR_FAMILY,ONLINE,NL-NH,13288.869999999999,Monthly,2024-02-01,2024-02-29,KG,3.243,3.243
PEAR_FAMILY,ONLINE,NL-NH,14035.02,Monthly,2024-03-01,2024-03-31,KG,3.263,3.263
PEAR_FAMILY,ONLINE,NL-NH,12059.98,Monthly,2024-04-01,2024-04-30,KG,3.246,3.246
PEAR_FAMILY,ONLINE,NL-NH,12160.2,Monthly,2024-05-01,2024-05-31,KG,3.248,3.248
PEAR_FAMILY,ONLINE,NL-NH,12740.31,Monthly,2024-06-01,2024-06-30,KG,3.251,3.251
PEAR_FAMILY,ONLINE,NL-NH,14287.88,Monthly,2024-07-01,2024-07-31,KG,3.228,3.228
PEAR_FAMILY,ONLINE,NL-NH,18097.64,Monthly,2024-08-01,2024-08-31,KG,2.599,2.599
PEAR_FAMILY,ONLINE,NL-NH,17950.82,Monthly,2024-09-01,2024-09-30,KG,2.607,2.607
PEAR_FAMILY,ONLINE,NL-NH,20234.93,Monthly,2024-10-01,2024-10-31,KG,2.6,2.6
PEAR_FAMILY,ONLINE,NL-NH,17354.95,Monthly,2024-11-01,2024-11-30,KG,3.25,3.25
PEAR_FAMILY,ONLINE,NL-NH,17363.94,Monthly,2024-12-01,2024-12-31,KG,3.233,3.233
PEAR_FAMILY,ONLINE,NL-NH,15395.96,Monthly,2025-01-01,2025-01-31,KG,3.252,3.252
PEAR_FAMILY,ONLINE,NL-NH,13714.71,Monthly,2025-02-01,2025-02-28,KG,3.266,3.266
PEAR_FAMILY,ONLINE,NL-NH,15325.11,Monthly,2025-03-01,2025-03-31,KG,3.229,3.229
PEAR_FAMILY,ONLINE,NL-NH,14000.59,Monthly,2025-04-01,2025-04-30,KG,3.239,3.239
PEAR_FAMILY,ONLINE,NL-NH,13475.06,Monthly,2025-05-01,2025-05-31,KG,3.229,3.229
PEAR_FAMILY,ONLINE,NL-NH,13272.85,Monthly,2025-06-01,2025-06-30,KG,3.247,3.247
PEAR_FAMILY,ONLINE,NL-NH,14989.84,Monthly,2025-07-01,2025-07-31,KG,3.238,3.238
PEAR_FAMILY,ONLINE,NL-NH,18002.829999999998,Monthly,2025-08-01,2025-08-31,KG,2.605,2.605
PEAR_FAMILY,ONLINE,NL-NH,18537.21,Monthly,2025-09-01,2025-09-30,KG,2.63,2.63
PEAR_FAMILY,ONLINE,NL-NH,18317.57,Monthly,2025-10-01,2025-10-31,KG,2.617,2.617
PEAR_FAMILY,ONLINE,NL-NH,17643.34,Monthly,2025-11-01,2025-11-30,KG,3.247,3.247
PEAR_FAMILY,ONLINE,NL-NH,18056.68,Monthly,2025-12-01,2025-12-31,KG,3.263,3.263
PEAR_FAMILY,ONLINE,NL-NH,15041.380000000001,Monthly,2026-01-01,2026-01-31,KG,3.265,3.265
PEAR_FAMILY,ONLINE,NL-NH,475.52,Monthly,2026-02-01,2026-02-28,KG,3.273,3.273
PEAR_FAMILY,ONLINE,NL-ZH,13820.73,Monthly,2023-02-01,2023-02-28,KG,3.351,3.351
PEAR_FAMILY,ONLINE,NL-ZH,13235.07,Monthly,2023-03-01,2023-03-31,KG,3.346,3.346
PEAR_FAMILY,ONLINE,NL-ZH,12284.35,Monthly,2023-04-01,2023-04-30,KG,3.341,3.341
PEAR_FAMILY,ONLINE,NL-ZH,13327.57,Monthly,2023-05-01,2023-05-31,KG,3.32,3.32
PEAR_FAMILY,ONLINE,NL-ZH,14308.53,Monthly,2023-06-01,2023-06-30,KG,3.363,3.363
PEAR_FAMILY,ONLINE,NL-ZH,14713.369999999999,Monthly,2023-07-01,2023-07-31,KG,3.347,3.347
PEAR_FAMILY,ONLINE,NL-ZH,17811.79,Monthly,2023-08-01,2023-08-31,KG,2.694,2.694
PEAR_FAMILY,ONLINE,NL-ZH,19748.69,Monthly,2023-09-01,2023-09-30,KG,2.682,2.682
PEAR_FAMILY,ONLINE,NL-ZH,19046.03,Monthly,2023-10-01,2023-10-31,KG,2.671,2.671
PEAR_FAMILY,ONLINE,NL-ZH,17136.23,Monthly,2023-11-01,2023-11-30,KG,3.334,3.334
PEAR_FAMILY,ONLINE,NL-ZH,16957.25,Monthly,2023-12-01,2023-12-31,KG,3.338,3.338
PEAR_FAMILY,ONLINE,NL-ZH,16794.02,Monthly,2024-01-01,2024-01-31,KG,3.357,3.357
PEAR_FAMILY,ONLINE,NL-ZH,13707.07,Monthly,2024-02-01,2024-02-29,KG,3.327,3.346
PEAR_FAMILY,ONLINE,NL-ZH,14357.4,Monthly,2024-03-01,2024-03-31,KG,3.334,3.334
PEAR_FAMILY,ONLINE,NL-ZH,12640.18,Monthly,2024-04-01,2024-04-30,KG,3.366,3.366
PEAR_FAMILY,ONLINE,NL-ZH,12814.89,Monthly,2024-05-01,2024-05-31,KG,3.339,3.339
PEAR_FAMILY,ONLINE,NL-ZH,13275.33,Monthly,2024-06-01,2024-06-30,KG,3.357,3.357
PEAR_FAMILY,ONLINE,NL-ZH,14644.74,Monthly,2024-07-01,2024-07-31,KG,3.341,3.341
PEAR_FAMILY,ONLINE,NL-ZH,18319.62,Monthly,2024-08-01,2024-08-31,KG,2.696,2.696
PEAR_FAMILY,ONLINE,NL-ZH,18341.9,Monthly,2024-09-01,2024-09-30,KG,2.69,2.69
PEAR_FAMILY,ONLINE,NL-ZH,20445.24,Monthly,2024-10-01,2024-10-31,KG,2.674,2.674
PEAR_FAMILY,ONLINE,NL-ZH,17680.19,Monthly,2024-11-01,2024-11-30,KG,3.348,3.348
PEAR_FAMILY,ONLINE,NL-ZH,17486.27,Monthly,2024-12-01,2024-12-31,KG,3.355,3.355
PEAR_FAMILY,ONLINE,NL-ZH,16017.54,Monthly,2025-01-01,2025-01-31,KG,3.361,3.361
PEAR_FAMILY,ONLINE,NL-ZH,14042.21,Monthly,2025-02-01,2025-02-28,KG,3.356,3.356
PEAR_FAMILY,ONLINE,NL-ZH,15767.49,Monthly,2025-03-01,2025-03-31,KG,3.342,3.342
PEAR_FAMILY,ONLINE,NL-ZH,14580.11,Monthly,2025-04-01,2025-04-30,KG,3.338,3.338
PEAR_FAMILY,ONLINE,NL-ZH,14252.539999999999,Monthly,2025-05-01,2025-05-31,KG,3.359,3.359
PEAR_FAMILY,ONLINE,NL-ZH,14552.09,Monthly,2025-06-01,2025-06-30,KG,3.187,3.334
PEAR_FAMILY,ONLINE,NL-ZH,15750.42,Monthly,2025-07-01,2025-07-31,KG,3.351,3.351
PEAR_FAMILY,ONLINE,NL-ZH,18382.24,Monthly,2025-08-01,2025-08-31,KG,2.704,2.704
PEAR_FAMILY,ONLINE,NL-ZH,19874.4,Monthly,2025-09-01,2025-09-30,KG,2.67,2.67
PEAR_FAMILY,ONLINE,NL-ZH,18844.02,Monthly,2025-10-01,2025-10-31,KG,2.704,2.704
PEAR_FAMILY,ONLINE,NL-ZH,18386.91,Monthly,2025-11-01,2025-11-30,KG,3.339,3.339
PEAR_FAMILY,ONLINE,NL-ZH,19000.15,Monthly,2025-12-01,2025-12-31,KG,3.331,3.331
PEAR_FAMILY,ONLINE,NL-ZH,15989.64,Monthly,2026-01-01,2026-01-31,KG,3.356,3.356
PEAR_FAMILY,ONLINE,NL-ZH,510.36,Monthly,2026-02-01,2026-02-28,KG,3.343,3.343
PEAR_FAMILY,RETAIL,NL-GE,27042.18,Monthly,2023-02-01,2023-02-28,KG,2.905,3.055
PEAR_FAMILY,RETAIL,NL-GE,23654.33,Monthly,2023-03-01,2023-03-31,KG,3.054,3.054
PEAR_FAMILY,RETAIL,NL-GE,22959.47,Monthly,2023-04-01,2023-04-30,KG,3.046,3.046
PEAR_FAMILY,RETAIL,NL-GE,24703.2,Monthly,2023-05-01,2023-05-31,KG,3.078,3.078
PEAR_FAMILY,RETAIL,NL-GE,25399.13,Monthly,2023-06-01,2023-06-30,KG,3.061,3.061
PEAR_FAMILY,RETAIL,NL-GE,28189.35,Monthly,2023-07-01,2023-07-31,KG,2.998,3.054
PEAR_FAMILY,RETAIL,NL-GE,31233.83,Monthly,2023-08-01,2023-08-31,KG,2.459,2.459
PEAR_FAMILY,RETAIL,NL-GE,36425.34,Monthly,2023-09-01,2023-09-30,KG,2.455,2.455
PEAR_FAMILY,RETAIL,NL-GE,33644.88,Monthly,2023-10-01,2023-10-31,KG,2.459,2.459
PEAR_FAMILY,RETAIL,NL-GE,31210.39,Monthly,2023-11-01,2023-11-30,KG,3.05,3.05
PEAR_FAMILY,RETAIL,NL-GE,30131.32,Monthly,2023-12-01,2023-12-31,KG,3.043,3.043
PEAR_FAMILY,RETAIL,NL-GE,29005.48,Monthly,2024-01-01,2024-01-31,KG,3.059,3.059
PEAR_FAMILY,RETAIL,NL-GE,24226.49,Monthly,2024-02-01,2024-02-29,KG,3.061,3.061
PEAR_FAMILY,RETAIL,NL-GE,26912.5,Monthly,2024-03-01,2024-03-31,KG,3.064,3.064
PEAR_FAMILY,RETAIL,NL-GE,22749.54,Monthly,2024-04-01,2024-04-30,KG,3.046,3.066
PEAR_FAMILY,RETAIL,NL-GE,23311.97,Monthly,2024-05-01,2024-05-31,KG,3.073,3.073
PEAR_FAMILY,RETAIL,NL-GE,23816.59,Monthly,2024-06-01,2024-06-30,KG,3.035,3.035
PEAR_FAMILY,RETAIL,NL-GE,27481.27,Monthly,2024-07-01,2024-07-31,KG,3.059,3.059
PEAR_FAMILY,RETAIL,NL-GE,32522.74,Monthly,2024-08-01,2024-08-31,KG,2.455,2.455
PEAR_FAMILY,RETAIL,NL-GE,34486.05,Monthly,2024-09-01,2024-09-30,KG,2.455,2.455
PEAR_FAMILY,RETAIL,NL-GE,36131.31,Monthly,2024-10-01,2024-10-31,KG,2.453,2.453
PEAR_FAMILY,RETAIL,NL-GE,32337.37,Monthly,2024-11-01,2024-11-30,KG,3.062,3.062
PEAR_FAMILY,RETAIL,NL-GE,35141.74,Monthly,2024-12-01,2024-12-31,KG,2.824,3.057
PEAR_FAMILY,RETAIL,NL-GE,28821.879999999997,Monthly,2025-01-01,2025-01-31,KG,3.045,3.045
PEAR_FAMILY,RETAIL,NL-GE,25012.690000000002,Monthly,2025-02-01,2025-02-28,KG,3.054,3.054
PEAR_FAMILY,RETAIL,NL-GE,28649.61,Monthly,2025-03-01,2025-03-31,KG,3.083,3.083
PEAR_FAMILY,RETAIL,NL-GE,25341.44,Monthly,2025-04-01,2025-04-30,KG,3.046,3.046
PEAR_FAMILY,RETAIL,NL-GE,25412.15,Monthly,2025-05-01,2025-05-31,KG,3.045,3.045
PEAR_FAMILY,RETAIL,NL-GE,24564.12,Monthly,2025-06-01,2025-06-30,KG,3.066,3.066
PEAR_FAMILY,RETAIL,NL-GE,29656.56,Monthly,2025-07-01,2025-07-31,KG,2.992,3.065
PEAR_FAMILY,RETAIL,NL-GE,36934.24,Monthly,2025-08-01,2025-08-31,KG,2.279,2.465
PEAR_FAMILY,RETAIL,NL-GE,34488.9,Monthly,2025-09-01,2025-09-30,KG,2.454,2.454
PEAR_FAMILY,RETAIL,NL-GE,34056.81,Monthly,2025-10-01,2025-10-31,KG,2.458,2.458
PEAR_FAMILY,RETAIL,NL-GE,33521.43,Monthly,2025-11-01,2025-11-30,KG,3.046,3.046
PEAR_FAMILY,RETAIL,NL-GE,32741.26,Monthly,2025-12-01,2025-12-31,KG,3.055,3.055
PEAR_FAMILY,RETAIL,NL-GE,29145.37,Monthly,2026-01-01,2026-01-31,KG,3.026,3.026
PEAR_FAMILY,RETAIL,NL-GE,1191.67,Monthly,2026-02-01,2026-02-28,KG,3.009,3.009
PEAR_FAMILY,RETAIL,NL-NB,25507.49,Monthly,2023-02-01,2023-02-28,KG,3.149,3.149
PEAR_FAMILY,RETAIL,NL-NB,24582.41,Monthly,2023-03-01,2023-03-31,KG,3.156,3.156
PEAR_FAMILY,RETAIL,NL-NB,23113.28,Monthly,2023-04-01,2023-04-30,KG,3.162,3.162
PEAR_FAMILY,RETAIL,NL-NB,25228.38,Monthly,2023-05-01,2023-05-31,KG,3.14,3.14
PEAR_FAMILY,RETAIL,NL-NB,26213.56,Monthly,2023-06-01,2023-06-30,KG,3.142,3.142
PEAR_FAMILY,RETAIL,NL-NB,28325.34,Monthly,2023-07-01,2023-07-31,KG,3.172,3.172
PEAR_FAMILY,RETAIL,NL-NB,32558.73,Monthly,2023-08-01,2023-08-31,KG,2.539,2.539
PEAR_FAMILY,RETAIL,NL-NB,37995.17,Monthly,2023-09-01,2023-09-30,KG,2.535,2.535
PEAR_FAMILY,RETAIL,NL-NB,35812.15,Monthly,2023-10-01,2023-10-31,KG,2.52,2.52
PEAR_FAMILY,RETAIL,NL-NB,32439.93,Monthly,2023-11-01,2023-11-30,KG,3.147,3.147
PEAR_FAMILY,RETAIL,NL-NB,32213.239999999998,Monthly,2023-12-01,2023-12-31,KG,3.145,3.145
PEAR_FAMILY,RETAIL,NL-NB,30711.940000000002,Monthly,2024-01-01,2024-01-31,KG,3.131,3.131
PEAR_FAMILY,RETAIL,NL-NB,25905.16,Monthly,2024-02-01,2024-02-29,KG,3.133,3.133
PEAR_FAMILY,RETAIL,NL-NB,27256.71,Monthly,2024-03-01,2024-03-31,KG,3.165,3.165
PEAR_FAMILY,RETAIL,NL-NB,23217.829999999998,Monthly,2024-04-01,2024-04-30,KG,3.154,3.162
PEAR_FAMILY,RETAIL,NL-NB,22906.02,Monthly,2024-05-01,2024-05-31,KG,3.149,3.149
PEAR_FAMILY,RETAIL,NL-NB,24648.13,Monthly,2024-06-01,2024-06-30,KG,3.143,3.143
PEAR_FAMILY,RETAIL,NL-NB,28661.55,Monthly,2024-07-01,2024-07-31,KG,3.129,3.129
PEAR_FAMILY,RETAIL,NL-NB,37167.19,Monthly,2024-08-01,2024-08-31,KG,2.369,2.529
PEAR_FAMILY,RETAIL,NL-NB,35442.08,Monthly,2024-09-01,2024-09-30,KG,2.53,2.53
PEAR_FAMILY,RETAIL,NL-NB,36358.15,Monthly,2024-10-01,2024-10-31,KG,2.535,2.535
PEAR_FAMILY,RETAIL,NL-NB,33438.92,Monthly,2024-11-01,2024-11-30,KG,3.138,3.138
PEAR_FAMILY,RETAIL,NL-NB,32377.99,Monthly,2024-12-01,2024-12-31,KG,3.163,3.163
PEAR_FAMILY,RETAIL,NL-NB,28920.170000000002,Monthly,2025-01-01,2025-01-31,KG,3.145,3.145
PEAR_FAMILY,RETAIL,NL-NB,26362.86,Monthly,2025-02-01,2025-02-28,KG,3.168,3.168
PEAR_FAMILY,RETAIL,NL-NB,29891.18,Monthly,2025-03-01,2025-03-31,KG,3.145,3.145
PEAR_FAMILY,RETAIL,NL-NB,26246.75,Monthly,2025-04-01,2025-04-30,KG,3.153,3.153
PEAR_FAMILY,RETAIL,NL-NB,26108.27,Monthly,2025-05-01,2025-05-31,KG,3.146,3.146
PEAR_FAMILY,RETAIL,NL-NB,27744.8,Monthly,2025-06-01,2025-06-30,KG,3.045,3.153
PEAR_FAMILY,RETAIL,NL-NB,29073.5,Monthly,2025-07-01,2025-07-31,KG,3.152,3.152
PEAR_FAMILY,RETAIL,NL-NB,34629.35,Monthly,2025-08-01,2025-08-31,KG,2.529,2.529
PEAR_FAMILY,RETAIL,NL-NB,36303.64,Monthly,2025-09-01,2025-09-30,KG,2.536,2.536
PEAR_FAMILY,RETAIL,NL-NB,35749.43,Monthly,2025-10-01,2025-10-31,KG,2.52,2.52
PEAR_FAMILY,RETAIL,NL-NB,35266.49,Monthly,2025-11-01,2025-11-30,KG,3.147,3.147
PEAR_FAMILY,RETAIL,NL-NB,33866.49,Monthly,2025-12-01,2025-12-31,KG,3.15,3.15
PEAR_FAMILY,RETAIL,NL-NB,30305.87,Monthly,2026-01-01,2026-01-31,KG,3.156,3.156
PEAR_FAMILY,RETAIL,NL-NB,1207.92,Monthly,2026-02-01,2026-02-28,KG,3.194,3.194
PEAR_FAMILY,RETAIL,NL-NH,29988.76,Monthly,2023-02-01,2023-02-28,KG,3.036,3.248
PEAR_FAMILY,RETAIL,NL-NH,26199.670000000002,Monthly,2023-03-01,2023-03-31,KG,3.245,3.245
PEAR_FAMILY,RETAIL,NL-NH,23682.63,Monthly,2023-04-01,2023-04-30,KG,3.256,3.259
PEAR_FAMILY,RETAIL,NL-NH,25692.94,Monthly,2023-05-01,2023-05-31,KG,3.239,3.239
PEAR_FAMILY,RETAIL,NL-NH,27502.3,Monthly,2023-06-01,2023-06-30,KG,3.255,3.255
PEAR_FAMILY,RETAIL,NL-NH,29113.08,Monthly,2023-07-01,2023-07-31,KG,3.221,3.221
PEAR_FAMILY,RETAIL,NL-NH,33104.34,Monthly,2023-08-01,2023-08-31,KG,2.603,2.603
PEAR_FAMILY,RETAIL,NL-NH,38170.32,Monthly,2023-09-01,2023-09-30,KG,2.612,2.612
PEAR_FAMILY,RETAIL,NL-NH,36016.48,Monthly,2023-10-01,2023-10-31,KG,2.599,2.599
PEAR_FAMILY,RETAIL,NL-NH,31807.75,Monthly,2023-11-01,2023-11-30,KG,3.234,3.234
PEAR_FAMILY,RETAIL,NL-NH,33410.5,Monthly,2023-12-01,2023-12-31,KG,3.245,3.268
PEAR_FAMILY,RETAIL,NL-NH,31381.39,Monthly,2024-01-01,2024-01-31,KG,3.243,3.243
PEAR_FAMILY,RETAIL,NL-NH,25634.92,Monthly,2024-02-01,2024-02-29,KG,3.251,3.251
PEAR_FAMILY,RETAIL,NL-NH,27535.43,Monthly,2024-03-01,2024-03-31,KG,3.249,3.249
PEAR_FAMILY,RETAIL,NL-NH,23788.7,Monthly,2024-04-01,2024-04-30,KG,3.239,3.239
PEAR_FAMILY,RETAIL,NL-NH,24538.739999999998,Monthly,2024-05-01,2024-05-31,KG,3.273,3.273
PEAR_FAMILY,RETAIL,NL-NH,25290.33,Monthly,2024-06-01,2024-06-30,KG,3.253,3.253
PEAR_FAMILY,RETAIL,NL-NH,28352.45,Monthly,2024-07-01,2024-07-31,KG,3.247,3.247
PEAR_FAMILY,RETAIL,NL-NH,35636.44,Monthly,2024-08-01,2024-08-31,KG,2.599,2.599
PEAR_FAMILY,RETAIL,NL-NH,35686.48,Monthly,2024-09-01,2024-09-30,KG,2.617,2.617
PEAR_FAMILY,RETAIL,NL-NH,39407.69,Monthly,2024-10-01,2024-10-31,KG,2.611,2.611
PEAR_FAMILY,RETAIL,NL-NH,34602.22,Monthly,2024-11-01,2024-11-30,KG,3.227,3.227
PEAR_FAMILY,RETAIL,NL-NH,34282.38,Monthly,2024-12-01,2024-12-31,KG,3.227,3.247
PEAR_FAMILY,RETAIL,NL-NH,30878.88,Monthly,2025-01-01,2025-01-31,KG,3.225,3.24
PEAR_FAMILY,RETAIL,NL-NH,27321.43,Monthly,2025-02-01,2025-02-28,KG,3.242,3.242
PEAR_FAMILY,RETAIL,NL-NH,31024.17,Monthly,2025-03-01,2025-03-31,KG,3.233,3.233
PEAR_FAMILY,RETAIL,NL-NH,27108.82,Monthly,2025-04-01,2025-04-30,KG,3.232,3.232
PEAR_FAMILY,RETAIL,NL-NH,26814.75,Monthly,2025-05-01,2025-05-31,KG,3.256,3.256
PEAR_FAMILY,RETAIL,NL-NH,26205.93,Monthly,2025-06-01,2025-06-30,KG,3.253,3.253
PEAR_FAMILY,RETAIL,NL-NH,29483.47,Monthly,2025-07-01,2025-07-31,KG,3.236,3.236
PEAR_FAMILY,RETAIL,NL-NH,37020.95,Monthly,2025-08-01,2025-08-31,KG,2.621,2.621
PEAR_FAMILY,RETAIL,NL-NH,36392.81,Monthly,2025-09-01,2025-09-30,KG,2.618,2.618
PEAR_FAMILY,RETAIL,NL-NH,35404.33,Monthly,2025-10-01,2025-10-31,KG,2.62,2.62
PEAR_FAMILY,RETAIL,NL-NH,35826.29,Monthly,2025-11-01,2025-11-30,KG,3.26,3.26
PEAR_FAMILY,RETAIL,NL-NH,35115.89,Monthly,2025-12-01,2025-12-31,KG,3.252,3.252
PEAR_FAMILY,RETAIL,NL-NH,30403.6,Monthly,2026-01-01,2026-01-31,KG,3.274,3.274
PEAR_FAMILY,RETAIL,NL-NH,1116.17,Monthly,2026-02-01,2026-02-28,KG,3.266,3.266
PEAR_FAMILY,RETAIL,NL-ZH,27548.82,Monthly,2023-02-01,2023-02-28,KG,3.33,3.33
PEAR_FAMILY,RETAIL,NL-ZH,26129.29,Monthly,2023-03-01,2023-03-31,KG,3.355,3.355
PEAR_FAMILY,RETAIL,NL-ZH,24860.65,Monthly,2023-04-01,2023-04-30,KG,3.34,3.34
PEAR_FAMILY,RETAIL,NL-ZH,26511.9,Monthly,2023-05-01,2023-05-31,KG,3.349,3.349
PEAR_FAMILY,RETAIL,NL-ZH,28451.83,Monthly,2023-06-01,2023-06-30,KG,3.345,3.351
PEAR_FAMILY,RETAIL,NL-ZH,29753.22,Monthly,2023-07-01,2023-07-31,KG,3.342,3.342
PEAR_FAMILY,RETAIL,NL-ZH,34894.36,Monthly,2023-08-01,2023-08-31,KG,2.692,2.7
PEAR_FAMILY,RETAIL,NL-ZH,39543.96,Monthly,2023-09-01,2023-09-30,KG,2.685,2.685
PEAR_FAMILY,RETAIL,NL-ZH,37194.94,Monthly,2023-10-01,2023-10-31,KG,2.703,2.703
PEAR_FAMILY,RETAIL,NL-ZH,33266.88,Monthly,2023-11-01,2023-11-30,KG,3.344,3.344
PEAR_FAMILY,RETAIL,NL-ZH,34069.75,Monthly,2023-12-01,2023-12-31,KG,3.362,3.362
PEAR_FAMILY,RETAIL,NL-ZH,33205.35,Monthly,2024-01-01,2024-01-31,KG,3.36,3.36
PEAR_FAMILY,RETAIL,NL-ZH,27172.31,Monthly,2024-02-01,2024-02-29,KG,3.331,3.331
PEAR_FAMILY,RETAIL,NL-ZH,28577.37,Monthly,2024-03-01,2024-03-31,KG,3.337,3.337
PEAR_FAMILY,RETAIL,NL-ZH,24584.72,Monthly,2024-04-01,2024-04-30,KG,3.356,3.356
PEAR_FAMILY,RETAIL,NL-ZH,25126.18,Monthly,2024-05-01,2024-05-31,KG,3.329,3.329
PEAR_FAMILY,RETAIL,NL-ZH,26228.63,Monthly,2024-06-01,2024-06-30,KG,3.365,3.365
PEAR_FAMILY,RETAIL,NL-ZH,28446.12,Monthly,2024-07-01,2024-07-31,KG,3.343,3.343
PEAR_FAMILY,RETAIL,NL-ZH,36513.22,Monthly,2024-08-01,2024-08-31,KG,2.688,2.688
PEAR_FAMILY,RETAIL,NL-ZH,36470.62,Monthly,2024-09-01,2024-09-30,KG,2.675,2.675
PEAR_FAMILY,RETAIL,NL-ZH,40069.24,Monthly,2024-10-01,2024-10-31,KG,2.688,2.688
PEAR_FAMILY,RETAIL,NL-ZH,35295.51,Monthly,2024-11-01,2024-11-30,KG,3.344,3.344
PEAR_FAMILY,RETAIL,NL-ZH,35136.97,Monthly,2024-12-01,2024-12-31,KG,3.346,3.346
PEAR_FAMILY,RETAIL,NL-ZH,31540.559999999998,Monthly,2025-01-01,2025-01-31,KG,3.351,3.351
PEAR_FAMILY,RETAIL,NL-ZH,27533.64,Monthly,2025-02-01,2025-02-28,KG,3.347,3.347
PEAR_FAMILY,RETAIL,NL-ZH,32316.73,Monthly,2025-03-01,2025-03-31,KG,3.32,3.32
PEAR_FAMILY,RETAIL,NL-ZH,28795.7,Monthly,2025-04-01,2025-04-30,KG,3.346,3.346
PEAR_FAMILY,RETAIL,NL-ZH,28087.31,Monthly,2025-05-01,2025-05-31,KG,3.343,3.343
PEAR_FAMILY,RETAIL,NL-ZH,27375.93,Monthly,2025-06-01,2025-06-30,KG,3.355,3.355
PEAR_FAMILY,RETAIL,NL-ZH,31023.28,Monthly,2025-07-01,2025-07-31,KG,3.344,3.344
PEAR_FAMILY,RETAIL,NL-ZH,37254.45,Monthly,2025-08-01,2025-08-31,KG,2.697,2.697
PEAR_FAMILY,RETAIL,NL-ZH,37836.11,Monthly,2025-09-01,2025-09-30,KG,2.686,2.686
PEAR_FAMILY,RETAIL,NL-ZH,37835.79,Monthly,2025-10-01,2025-10-31,KG,2.696,2.696
PEAR_FAMILY,RETAIL,NL-ZH,37165.93,Monthly,2025-11-01,2025-11-30,KG,3.345,3.345
PEAR_FAMILY,RETAIL,NL-ZH,37399.75,Monthly,2025-12-01,2025-12-31,KG,3.344,3.344
PEAR_FAMILY,RETAIL,NL-ZH,32228.03,Monthly,2026-01-01,2026-01-31,KG,3.346,3.346
PEAR_FAMILY,RETAIL,NL-ZH,1391.91,Monthly,2026-02-01,2026-02-28,KG,3.3,3.3
PEAR_FAMILY,WHOLESALE,NL-GE,21263.08,Monthly,2023-02-01,2023-02-28,KG,3.072,3.072
PEAR_FAMILY,WHOLESALE,NL-GE,20459.75,Monthly,2023-03-01,2023-03-31,KG,3.053,3.053
PEAR_FAMILY,WHOLESALE,NL-GE,19240.55,Monthly,2023-04-01,2023-04-30,KG,3.066,3.066
PEAR_FAMILY,WHOLESALE,NL-GE,20954.74,Monthly,2023-05-01,2023-05-31,KG,3.045,3.045
PEAR_FAMILY,WHOLESALE,NL-GE,22119.5,Monthly,2023-06-01,2023-06-30,KG,3.063,3.063
PEAR_FAMILY,WHOLESALE,NL-GE,23344.97,Monthly,2023-07-01,2023-07-31,KG,3.062,3.062
PEAR_FAMILY,WHOLESALE,NL-GE,26989.69,Monthly,2023-08-01,2023-08-31,KG,2.464,2.464
PEAR_FAMILY,WHOLESALE,NL-GE,30836.31,Monthly,2023-09-01,2023-09-30,KG,2.463,2.463
PEAR_FAMILY,WHOLESALE,NL-GE,28743.35,Monthly,2023-10-01,2023-10-31,KG,2.439,2.439
PEAR_FAMILY,WHOLESALE,NL-GE,26885.65,Monthly,2023-11-01,2023-11-30,KG,3.032,3.032
PEAR_FAMILY,WHOLESALE,NL-GE,25258.95,Monthly,2023-12-01,2023-12-31,KG,3.071,3.071
PEAR_FAMILY,WHOLESALE,NL-GE,24978.829999999998,Monthly,2024-01-01,2024-01-31,KG,3.05,3.05
PEAR_FAMILY,WHOLESALE,NL-GE,21281.87,Monthly,2024-02-01,2024-02-29,KG,3.058,3.058
PEAR_FAMILY,WHOLESALE,NL-GE,22283.29,Monthly,2024-03-01,2024-03-31,KG,3.048,3.048
PEAR_FAMILY,WHOLESALE,NL-GE,19386.07,Monthly,2024-04-01,2024-04-30,KG,3.051,3.051
PEAR_FAMILY,WHOLESALE,NL-GE,20174.64,Monthly,2024-05-01,2024-05-31,KG,3.067,3.067
PEAR_FAMILY,WHOLESALE,NL-GE,19987.98,Monthly,2024-06-01,2024-06-30,KG,3.064,3.064
PEAR_FAMILY,WHOLESALE,NL-GE,24017.46,Monthly,2024-07-01,2024-07-31,KG,3.05,3.05
PEAR_FAMILY,WHOLESALE,NL-GE,27465.14,Monthly,2024-08-01,2024-08-31,KG,2.459,2.459
PEAR_FAMILY,WHOLESALE,NL-GE,28714.38,Monthly,2024-09-01,2024-09-30,KG,2.464,2.464
PEAR_FAMILY,WHOLESALE,NL-GE,31066.48,Monthly,2024-10-01,2024-10-31,KG,2.449,2.449
PEAR_FAMILY,WHOLESALE,NL-GE,27807.16,Monthly,2024-11-01,2024-11-30,KG,3.052,3.052
PEAR_FAMILY,WHOLESALE,NL-GE,26827.16,Monthly,2024-12-01,2024-12-31,KG,3.051,3.051
PEAR_FAMILY,WHOLESALE,NL-GE,24272.48,Monthly,2025-01-01,2025-01-31,KG,3.053,3.053
PEAR_FAMILY,WHOLESALE,NL-GE,21279.52,Monthly,2025-02-01,2025-02-28,KG,3.06,3.06
PEAR_FAMILY,WHOLESALE,NL-GE,24759.23,Monthly,2025-03-01,2025-03-31,KG,3.055,3.055
PEAR_FAMILY,WHOLESALE,NL-GE,22084.68,Monthly,2025-04-01,2025-04-30,KG,3.048,3.048
PEAR_FAMILY,WHOLESALE,NL-GE,21349.31,Monthly,2025-05-01,2025-05-31,KG,3.048,3.048
PEAR_FAMILY,WHOLESALE,NL-GE,21119.18,Monthly,2025-06-01,2025-06-30,KG,3.06,3.06
PEAR_FAMILY,WHOLESALE,NL-GE,24515.9,Monthly,2025-07-01,2025-07-31,KG,3.055,3.055
PEAR_FAMILY,WHOLESALE,NL-GE,28834.91,Monthly,2025-08-01,2025-08-31,KG,2.448,2.448
PEAR_FAMILY,WHOLESALE,NL-GE,29584.24,Monthly,2025-09-01,2025-09-30,KG,2.454,2.454
PEAR_FAMILY,WHOLESALE,NL-GE,29509.63,Monthly,2025-10-01,2025-10-31,KG,2.453,2.453
PEAR_FAMILY,WHOLESALE,NL-GE,28041.42,Monthly,2025-11-01,2025-11-30,KG,3.072,3.072
PEAR_FAMILY,WHOLESALE,NL-GE,29072.670000000002,Monthly,2025-12-01,2025-12-31,KG,3.052,3.052
PEAR_FAMILY,WHOLESALE,NL-GE,24805.32,Monthly,2026-01-01,2026-01-31,KG,3.059,3.059
PEAR_FAMILY,WHOLESALE,NL-GE,785.44,Monthly,2026-02-01,2026-02-28,KG,3.092,3.092
PEAR_FAMILY,WHOLESALE,NL-NB,21615.239999999998,Monthly,2023-02-01,2023-02-28,KG,3.147,3.147
PEAR_FAMILY,WHOLESALE,NL-NB,20643.33,Monthly,2023-03-01,2023-03-31,KG,3.16,3.16
PEAR_FAMILY,WHOLESALE,NL-NB,19333.77,Monthly,2023-04-01,2023-04-30,KG,3.154,3.154
PEAR_FAMILY,WHOLESALE,NL-NB,21469.33,Monthly,2023-05-01,2023-05-31,KG,3.162,3.162
PEAR_FAMILY,WHOLESALE,NL-NB,22733.51,Monthly,2023-06-01,2023-06-30,KG,3.15,3.15
PEAR_FAMILY,WHOLESALE,NL-NB,23988.73,Monthly,2023-07-01,2023-07-31,KG,3.145,3.145
PEAR_FAMILY,WHOLESALE,NL-NB,28445.67,Monthly,2023-08-01,2023-08-31,KG,2.542,2.542
PEAR_FAMILY,WHOLESALE,NL-NB,31829.18,Monthly,2023-09-01,2023-09-30,KG,2.531,2.531
PEAR_FAMILY,WHOLESALE,NL-NB,30823.45,Monthly,2023-10-01,2023-10-31,KG,2.526,2.526
PEAR_FAMILY,WHOLESALE,NL-NB,28051.53,Monthly,2023-11-01,2023-11-30,KG,3.159,3.159
PEAR_FAMILY,WHOLESALE,NL-NB,27148.38,Monthly,2023-12-01,2023-12-31,KG,3.153,3.153
PEAR_FAMILY,WHOLESALE,NL-NB,26344.2,Monthly,2024-01-01,2024-01-31,KG,3.122,3.122
PEAR_FAMILY,WHOLESALE,NL-NB,21857.16,Monthly,2024-02-01,2024-02-29,KG,3.156,3.156
PEAR_FAMILY,WHOLESALE,NL-NB,22889.88,Monthly,2024-03-01,2024-03-31,KG,3.169,3.169
PEAR_FAMILY,WHOLESALE,NL-NB,19870.32,Monthly,2024-04-01,2024-04-30,KG,3.15,3.15
PEAR_FAMILY,WHOLESALE,NL-NB,19929.67,Monthly,2024-05-01,2024-05-31,KG,3.144,3.144
PEAR_FAMILY,WHOLESALE,NL-NB,20560.71,Monthly,2024-06-01,2024-06-30,KG,3.136,3.136
PEAR_FAMILY,WHOLESALE,NL-NB,24570.09,Monthly,2024-07-01,2024-07-31,KG,3.15,3.15
PEAR_FAMILY,WHOLESALE,NL-NB,28792.37,Monthly,2024-08-01,2024-08-31,KG,2.53,2.53
PEAR_FAMILY,WHOLESALE,NL-NB,29527.02,Monthly,2024-09-01,2024-09-30,KG,2.519,2.539
PEAR_FAMILY,WHOLESALE,NL-NB,31599.65,Monthly,2024-10-01,2024-10-31,KG,2.546,2.546
PEAR_FAMILY,WHOLESALE,NL-NB,28709.48,Monthly,2024-11-01,2024-11-30,KG,3.135,3.135
PEAR_FAMILY,WHOLESALE,NL-NB,27867.97,Monthly,2024-12-01,2024-12-31,KG,3.154,3.154
PEAR_FAMILY,WHOLESALE,NL-NB,24755.21,Monthly,2025-01-01,2025-01-31,KG,3.153,3.153
PEAR_FAMILY,WHOLESALE,NL-NB,22525.76,Monthly,2025-02-01,2025-02-28,KG,3.149,3.149
PEAR_FAMILY,WHOLESALE,NL-NB,25310.27,Monthly,2025-03-01,2025-03-31,KG,3.154,3.154
PEAR_FAMILY,WHOLESALE,NL-NB,22405.46,Monthly,2025-04-01,2025-04-30,KG,3.157,3.157
PEAR_FAMILY,WHOLESALE,NL-NB,22217.95,Monthly,2025-05-01,2025-05-31,KG,3.148,3.148
PEAR_FAMILY,WHOLESALE,NL-NB,22545.68,Monthly,2025-06-01,2025-06-30,KG,3.15,3.15
PEAR_FAMILY,WHOLESALE,NL-NB,25164.73,Monthly,2025-07-01,2025-07-31,KG,3.151,3.151
PEAR_FAMILY,WHOLESALE,NL-NB,29681.05,Monthly,2025-08-01,2025-08-31,KG,2.541,2.541
PEAR_FAMILY,WHOLESALE,NL-NB,31821.77,Monthly,2025-09-01,2025-09-30,KG,2.536,2.536
PEAR_FAMILY,WHOLESALE,NL-NB,30263.95,Monthly,2025-10-01,2025-10-31,KG,2.544,2.544
PEAR_FAMILY,WHOLESALE,NL-NB,29757.489999999998,Monthly,2025-11-01,2025-11-30,KG,3.148,3.148
PEAR_FAMILY,WHOLESALE,NL-NB,29157.22,Monthly,2025-12-01,2025-12-31,KG,3.137,3.137
PEAR_FAMILY,WHOLESALE,NL-NB,25953.85,Monthly,2026-01-01,2026-01-31,KG,3.159,3.159
PEAR_FAMILY,WHOLESALE,NL-NB,739.61,Monthly,2026-02-01,2026-02-28,KG,3.145,3.145
PEAR_FAMILY,WHOLESALE,NL-NH,22253.33,Monthly,2023-02-01,2023-02-28,KG,3.253,3.253
PEAR_FAMILY,WHOLESALE,NL-NH,22174.43,Monthly,2023-03-01,2023-03-31,KG,3.237,3.237
PEAR_FAMILY,WHOLESALE,NL-NH,19905.68,Monthly,2023-04-01,2023-04-30,KG,3.243,3.243
PEAR_FAMILY,WHOLESALE,NL-NH,22337.4,Monthly,2023-05-01,2023-05-31,KG,3.242,3.242
PEAR_FAMILY,WHOLESALE,NL-NH,23285.23,Monthly,2023-06-01,2023-06-30,KG,3.235,3.235
PEAR_FAMILY,WHOLESALE,NL-NH,24944.14,Monthly,2023-07-01,2023-07-31,KG,3.238,3.238
PEAR_FAMILY,WHOLESALE,NL-NH,29127.9,Monthly,2023-08-01,2023-08-31,KG,2.608,2.608
PEAR_FAMILY,WHOLESALE,NL-NH,32092.01,Monthly,2023-09-01,2023-09-30,KG,2.615,2.615
PEAR_FAMILY,WHOLESALE,NL-NH,30930.18,Monthly,2023-10-01,2023-10-31,KG,2.615,2.615
PEAR_FAMILY,WHOLESALE,NL-NH,28064.25,Monthly,2023-11-01,2023-11-30,KG,3.239,3.239
PEAR_FAMILY,WHOLESALE,NL-NH,27916.010000000002,Monthly,2023-12-01,2023-12-31,KG,3.253,3.253
PEAR_FAMILY,WHOLESALE,NL-NH,26957.71,Monthly,2024-01-01,2024-01-31,KG,3.243,3.243
PEAR_FAMILY,WHOLESALE,NL-NH,21988.5,Monthly,2024-02-01,2024-02-29,KG,3.244,3.244
PEAR_FAMILY,WHOLESALE,NL-NH,24192.35,Monthly,2024-03-01,2024-03-31,KG,3.25,3.25
PEAR_FAMILY,WHOLESALE,NL-NH,20491.57,Monthly,2024-04-01,2024-04-30,KG,3.252,3.252
PEAR_FAMILY,WHOLESALE,NL-NH,21231.28,Monthly,2024-05-01,2024-05-31,KG,3.245,3.245
PEAR_FAMILY,WHOLESALE,NL-NH,21694.51,Monthly,2024-06-01,2024-06-30,KG,3.242,3.242
PEAR_FAMILY,WHOLESALE,NL-NH,24725.37,Monthly,2024-07-01,2024-07-31,KG,3.231,3.239
PEAR_FAMILY,WHOLESALE,NL-NH,30249.66,Monthly,2024-08-01,2024-08-31,KG,2.604,2.604
PEAR_FAMILY,WHOLESALE,NL-NH,30516.329999999998,Monthly,2024-09-01,2024-09-30,KG,2.621,2.621
PEAR_FAMILY,WHOLESALE,NL-NH,33844.39,Monthly,2024-10-01,2024-10-31,KG,2.616,2.616
PEAR_FAMILY,WHOLESALE,NL-NH,29179.11,Monthly,2024-11-01,2024-11-30,KG,3.239,3.239
PEAR_FAMILY,WHOLESALE,NL-NH,28696.72,Monthly,2024-12-01,2024-12-31,KG,3.258,3.258
PEAR_FAMILY,WHOLESALE,NL-NH,26409.95,Monthly,2025-01-01,2025-01-31,KG,3.24,3.24
PEAR_FAMILY,WHOLESALE,NL-NH,23158.99,Monthly,2025-02-01,2025-02-28,KG,3.258,3.258
PEAR_FAMILY,WHOLESALE,NL-NH,26279.62,Monthly,2025-03-01,2025-03-31,KG,3.262,3.262
PEAR_FAMILY,WHOLESALE,NL-NH,23697.13,Monthly,2025-04-01,2025-04-30,KG,3.259,3.259
PEAR_FAMILY,WHOLESALE,NL-NH,23187.85,Monthly,2025-05-01,2025-05-31,KG,3.252,3.252
PEAR_FAMILY,WHOLESALE,NL-NH,22884.46,Monthly,2025-06-01,2025-06-30,KG,3.243,3.243
PEAR_FAMILY,WHOLESALE,NL-NH,25601.08,Monthly,2025-07-01,2025-07-31,KG,3.247,3.247
PEAR_FAMILY,WHOLESALE,NL-NH,30257.97,Monthly,2025-08-01,2025-08-31,KG,2.603,2.603
PEAR_FAMILY,WHOLESALE,NL-NH,30966.94,Monthly,2025-09-01,2025-09-30,KG,2.606,2.606
PEAR_FAMILY,WHOLESALE,NL-NH,30561.32,Monthly,2025-10-01,2025-10-31,KG,2.623,2.623
PEAR_FAMILY,WHOLESALE,NL-NH,30238.38,Monthly,2025-11-01,2025-11-30,KG,3.243,3.243
PEAR_FAMILY,WHOLESALE,NL-NH,30645.61,Monthly,2025-12-01,2025-12-31,KG,3.235,3.235
PEAR_FAMILY,WHOLESALE,NL-NH,25951.13,Monthly,2026-01-01,2026-01-31,KG,3.241,3.241
PEAR_FAMILY,WHOLESALE,NL-NH,828.1999999999999,Monthly,2026-02-01,2026-02-28,KG,3.224,3.224
PEAR_FAMILY,WHOLESALE,NL-ZH,23854.71,Monthly,2023-02-01,2023-02-28,KG,3.342,3.342
PEAR_FAMILY,WHOLESALE,NL-ZH,22725.24,Monthly,2023-03-01,2023-03-31,KG,3.355,3.355
PEAR_FAMILY,WHOLESALE,NL-ZH,20665.89,Monthly,2023-04-01,2023-04-30,KG,3.347,3.347
PEAR_FAMILY,WHOLESALE,NL-ZH,22913.59,Monthly,2023-05-01,2023-05-31,KG,3.345,3.345
PEAR_FAMILY,WHOLESALE,NL-ZH,24383.92,Monthly,2023-06-01,2023-06-30,KG,3.347,3.347
PEAR_FAMILY,WHOLESALE,NL-ZH,25002.17,Monthly,2023-07-01,2023-07-31,KG,3.325,3.325
PEAR_FAMILY,WHOLESALE,NL-ZH,29588.27,Monthly,2023-08-01,2023-08-31,KG,2.689,2.689
PEAR_FAMILY,WHOLESALE,NL-ZH,33672.8,Monthly,2023-09-01,2023-09-30,KG,2.69,2.69
PEAR_FAMILY,WHOLESALE,NL-ZH,32197.69,Monthly,2023-10-01,2023-10-31,KG,2.68,2.68
PEAR_FAMILY,WHOLESALE,NL-ZH,28718.489999999998,Monthly,2023-11-01,2023-11-30,KG,3.331,3.331
PEAR_FAMILY,WHOLESALE,NL-ZH,29085.75,Monthly,2023-12-01,2023-12-31,KG,3.336,3.336
PEAR_FAMILY,WHOLESALE,NL-ZH,28416.04,Monthly,2024-01-01,2024-01-31,KG,3.352,3.352
PEAR_FAMILY,WHOLESALE,NL-ZH,23587.73,Monthly,2024-02-01,2024-02-29,KG,3.336,3.336
PEAR_FAMILY,WHOLESALE,NL-ZH,24181.809999999998,Monthly,2024-03-01,2024-03-31,KG,3.354,3.354
PEAR_FAMILY,WHOLESALE,NL-ZH,21018.59,Monthly,2024-04-01,2024-04-30,KG,3.34,3.34
PEAR_FAMILY,WHOLESALE,NL-ZH,21648.12,Monthly,2024-05-01,2024-05-31,KG,3.338,3.338
PEAR_FAMILY,WHOLESALE,NL-ZH,22380.64,Monthly,2024-06-01,2024-06-30,KG,3.353,3.353
PEAR_FAMILY,WHOLESALE,NL-ZH,25406.93,Monthly,2024-07-01,2024-07-31,KG,3.339,3.351
PEAR_FAMILY,WHOLESALE,NL-ZH,31214.440000000002,Monthly,2024-08-01,2024-08-31,KG,2.682,2.682
PEAR_FAMILY,WHOLESALE,NL-ZH,30615.3,Monthly,2024-09-01,2024-09-30,KG,2.686,2.686
PEAR_FAMILY,WHOLESALE,NL-ZH,34162.19,Monthly,2024-10-01,2024-10-31,KG,2.696,2.696
PEAR_FAMILY,WHOLESALE,NL-ZH,30169.5,Monthly,2024-11-01,2024-11-30,KG,3.34,3.34
PEAR_FAMILY,WHOLESALE,NL-ZH,29826.14,Monthly,2024-12-01,2024-12-31,KG,3.341,3.341
PEAR_FAMILY,WHOLESALE,NL-ZH,27352.33,Monthly,2025-01-01,2025-01-31,KG,3.35,3.35
PEAR_FAMILY,WHOLESALE,NL-ZH,23626.56,Monthly,2025-02-01,2025-02-28,KG,3.343,3.343
PEAR_FAMILY,WHOLESALE,NL-ZH,27319.85,Monthly,2025-03-01,2025-03-31,KG,3.359,3.359
PEAR_FAMILY,WHOLESALE,NL-ZH,24582.76,Monthly,2025-04-01,2025-04-30,KG,3.35,3.35
PEAR_FAMILY,WHOLESALE,NL-ZH,23558.71,Monthly,2025-05-01,2025-05-31,KG,3.369,3.369
PEAR_FAMILY,WHOLESALE,NL-ZH,23344.34,Monthly,2025-06-01,2025-06-30,KG,3.356,3.356
PEAR_FAMILY,WHOLESALE,NL-ZH,27050.74,Monthly,2025-07-01,2025-07-31,KG,3.341,3.341
PEAR_FAMILY,WHOLESALE,NL-ZH,31109.07,Monthly,2025-08-01,2025-08-31,KG,2.696,2.696
PEAR_FAMILY,WHOLESALE,NL-ZH,32962.03,Monthly,2025-09-01,2025-09-30,KG,2.689,2.689
PEAR_FAMILY,WHOLESALE,NL-ZH,32432.59,Monthly,2025-10-01,2025-10-31,KG,2.682,2.682
PEAR_FAMILY,WHOLESALE,NL-ZH,31173.260000000002,Monthly,2025-11-01,2025-11-30,KG,3.34,3.34
PEAR_FAMILY,WHOLESALE,NL-ZH,32111.96,Monthly,2025-12-01,2025-12-31,KG,3.347,3.347
PEAR_FAMILY,WHOLESALE,NL-ZH,27127.21,Monthly,2026-01-01,2026-01-31,KG,3.344,3.344
PEAR_FAMILY,WHOLESALE,NL-ZH,898.73,Monthly,2026-02-01,2026-02-28,KG,3.37,3.37
